Date Time;Expansion valve;Date Time;Current consumption C1
8/1/2018, 2:00:00 AM;268;8/1/2018, 2:00:00 AM;6
8/3/2018, 2:00:00 AM;277;8/3/2018, 2:00:00 AM;6
8/5/2018, 2:00:00 AM;272;8/5/2018, 2:00:00 AM;6
8/7/2018, 2:00:00 AM;278;8/7/2018, 2:00:00 AM;6
8/9/2018, 2:00:00 AM;265;8/9/2018, 2:00:00 AM;6
8/11/2018, 2:00:00 AM;306;8/11/2018, 2:00:00 AM;5.2
8/11/2018, 4:00:00 AM;200;8/11/2018, 4:00:00 AM;6.4
8/12/2018, 2:00:00 AM;445;8/12/2018, 2:00:00 AM;4.1
8/12/2018, 4:00:00 AM;320;8/12/2018, 4:00:00 AM;5.5
8/14/2018, 2:00:00 AM;432;8/14/2018, 2:00:00 AM;4.2
8/14/2018, 4:00:00 AM;291;8/14/2018, 4:00:00 AM;5.7
8/15/2018, 2:00:00 AM;282;8/15/2018, 2:00:00 AM;5.7
8/16/2018, 2:00:00 AM;327;8/16/2018, 2:00:00 AM;5.2
8/16/2018, 4:00:00 AM;199;8/16/2018, 4:00:00 AM;6.4
8/17/2018, 2:00:00 AM;348;8/17/2018, 2:00:00 AM;5
8/17/2018, 4:00:00 AM;212;8/17/2018, 4:00:00 AM;6.2
8/18/2018, 2:00:00 AM;368;8/18/2018, 2:00:00 AM;4.7
8/18/2018, 4:00:00 AM;226;8/18/2018, 4:00:00 AM;6
8/19/2018, 2:00:00 AM;351;8/19/2018, 2:00:00 AM;4.8
8/19/2018, 4:00:00 AM;215;8/19/2018, 4:00:00 AM;6.1
8/20/2018, 2:00:00 AM;396;8/20/2018, 2:00:00 AM;4.6
8/20/2018, 4:00:00 AM;245;8/20/2018, 4:00:00 AM;6
8/21/2018, 2:00:00 AM;411;8/21/2018, 2:00:00 AM;4.2
8/21/2018, 4:00:00 AM;282;8/21/2018, 4:00:00 AM;5.7
8/22/2018, 2:00:00 AM;317;8/22/2018, 2:00:00 AM;5.3
8/22/2018, 4:00:00 AM;196;8/22/2018, 4:00:00 AM;6.4
8/22/2018, 6:00:00 PM;404;8/22/2018, 6:00:00 PM;4.3
8/22/2018, 8:00:00 PM;328;8/22/2018, 8:00:00 PM;5.5
8/24/2018, 2:00:00 AM;438;8/24/2018, 2:00:00 AM;4.2
8/24/2018, 4:00:00 AM;298;8/24/2018, 4:00:00 AM;5.6
8/25/2018, 2:00:00 AM;397;8/25/2018, 2:00:00 AM;4.5
8/25/2018, 4:00:00 AM;255;8/25/2018, 4:00:00 AM;5.8
8/26/2018, 2:00:00 AM;346;8/26/2018, 2:00:00 AM;4.9
8/26/2018, 4:00:00 AM;207;8/26/2018, 4:00:00 AM;6.2
8/27/2018, 2:00:00 AM;392;8/27/2018, 2:00:00 AM;4.5
8/27/2018, 4:01:00 AM;243;8/27/2018, 4:01:00 AM;5.9
8/28/2018, 2:00:00 AM;373;8/28/2018, 2:00:00 AM;4.7
8/28/2018, 4:00:00 AM;225;8/28/2018, 4:00:00 AM;6
8/29/2018, 2:00:00 AM;270;8/29/2018, 2:00:00 AM;5.8
8/30/2018, 1:59:00 AM;434;8/30/2018, 1:59:00 AM;4.1
8/30/2018, 4:00:00 AM;298;8/30/2018, 4:00:00 AM;5.6
8/31/2018, 2:00:00 AM;425;8/31/2018, 2:00:00 AM;4.2
8/31/2018, 4:00:00 AM;279;8/31/2018, 4:00:00 AM;5.7
9/1/2018, 2:00:00 AM;380;9/1/2018, 2:00:00 AM;4.5
9/1/2018, 4:00:00 AM;232;9/1/2018, 4:00:00 AM;5.9
9/2/2018, 2:00:00 AM;380;9/2/2018, 2:00:00 AM;4.5
9/2/2018, 4:00:00 AM;234;9/2/2018, 4:00:00 AM;5.9
9/3/2018, 2:00:00 AM;422;9/3/2018, 2:00:00 AM;4.2
9/3/2018, 4:00:00 AM;275;9/3/2018, 4:00:00 AM;5.6
9/4/2018, 2:00:00 AM;300;9/4/2018, 2:00:00 AM;5.4
9/4/2018, 4:00:00 AM;192;9/4/2018, 4:00:00 AM;6.4
9/5/2018, 2:00:00 AM;440;9/5/2018, 2:00:00 AM;4.1
9/5/2018, 4:00:00 AM;299;9/5/2018, 4:00:00 AM;5.6
9/6/2018, 2:00:00 AM;278;9/6/2018, 2:00:00 AM;5.6
9/7/2018, 12:00:00 AM;420;9/7/2018, 12:00:00 AM;4.5
9/7/2018, 2:00:00 AM;215;9/7/2018, 2:00:00 AM;6
9/8/2018, 2:00:00 AM;272;9/8/2018, 2:00:00 AM;5.7
9/8/2018, 6:00:00 PM;400;9/8/2018, 6:00:00 PM;4.6
9/8/2018, 8:00:00 PM;212;9/8/2018, 8:00:00 PM;5.8
9/10/2018, 2:00:00 AM;451;9/10/2018, 2:00:00 AM;4
9/10/2018, 4:01:00 AM;314;9/10/2018, 4:01:00 AM;5.5
9/11/2018, 2:00:00 AM;430;9/11/2018, 2:00:00 AM;4.2
9/11/2018, 4:00:00 AM;286;9/11/2018, 4:00:00 AM;5.6
9/12/2018, 2:00:00 AM;273;9/12/2018, 2:00:00 AM;5.7
9/13/2018, 2:00:00 AM;415;9/13/2018, 2:00:00 AM;4.3
9/13/2018, 4:00:00 AM;267;9/13/2018, 4:00:00 AM;5.8
9/13/2018, 12:00:00 PM;352;9/13/2018, 12:00:00 PM;4.9
9/13/2018, 2:00:00 PM;196;9/13/2018, 2:00:00 PM;6.2
9/14/2018, 2:00:00 AM;368;9/14/2018, 2:00:00 AM;4.5
9/14/2018, 4:00:00 AM;223;9/14/2018, 4:00:00 AM;6
9/15/2018, 2:00:00 AM;448;9/15/2018, 2:00:00 AM;3.9
9/15/2018, 4:00:00 AM;320;9/15/2018, 4:00:00 AM;5.4
9/16/2018, 2:00:00 AM;433;9/16/2018, 2:00:00 AM;4
9/16/2018, 4:00:00 AM;295;9/16/2018, 4:00:00 AM;5.5
9/17/2018, 2:00:00 AM;375;9/17/2018, 2:00:00 AM;4.6
9/17/2018, 4:00:00 AM;227;9/17/2018, 4:00:00 AM;6
9/18/2018, 2:00:00 AM;392;9/18/2018, 2:00:00 AM;4.5
9/18/2018, 4:00:00 AM;238;9/18/2018, 4:00:00 AM;5.9
9/19/2018, 2:00:00 AM;382;9/19/2018, 2:00:00 AM;4.7
9/19/2018, 4:00:00 AM;232;9/19/2018, 4:00:00 AM;6
9/20/2018, 2:00:00 AM;423;9/20/2018, 2:00:00 AM;4.2
9/20/2018, 4:00:00 AM;286;9/20/2018, 4:00:00 AM;5.7
9/21/2018, 2:00:00 AM;386;9/21/2018, 2:00:00 AM;4.6
9/21/2018, 4:00:00 AM;235;9/21/2018, 4:00:00 AM;6
9/22/2018, 2:00:00 AM;427;9/22/2018, 2:00:00 AM;4.2
9/22/2018, 4:00:00 AM;285;9/22/2018, 4:00:00 AM;5.6
9/23/2018, 2:00:00 AM;397;9/23/2018, 2:00:00 AM;4.3
9/23/2018, 4:00:00 AM;254;9/23/2018, 4:00:00 AM;5.8
9/23/2018, 6:00:00 PM;411;9/23/2018, 6:00:00 PM;3.9
9/23/2018, 8:00:00 PM;313;9/23/2018, 8:00:00 PM;5.1
9/23/2018, 10:00:00 PM;293;9/23/2018, 10:00:00 PM;3.7
9/24/2018, 2:00:00 AM;253;9/24/2018, 2:00:00 AM;5.2
9/24/2018, 4:00:00 AM;293;9/24/2018, 4:00:00 AM;3.9
9/24/2018, 6:00:00 AM;298;9/24/2018, 6:00:00 AM;3.5
9/24/2018, 8:00:00 AM;315;9/24/2018, 8:00:00 AM;3.9
9/25/2018, 2:00:00 AM;429;9/25/2018, 2:00:00 AM;3.9
9/25/2018, 4:00:00 AM;302;9/25/2018, 4:00:00 AM;5.4
9/26/2018, 2:00:00 AM;294;9/26/2018, 2:00:00 AM;5.4
9/26/2018, 4:00:00 AM;187;9/26/2018, 4:00:00 AM;6.5
9/28/2018, 2:00:00 AM;322;9/28/2018, 2:00:00 AM;5.1
9/28/2018, 4:00:00 AM;195;9/28/2018, 4:00:00 AM;6.2
9/29/2018, 2:00:00 AM;267;9/29/2018, 2:00:00 AM;5.6
9/29/2018, 6:00:00 AM;303;9/29/2018, 6:00:00 AM;4
9/29/2018, 4:00:00 PM;326;9/29/2018, 4:00:00 PM;4.2
9/29/2018, 6:00:00 PM;299;9/29/2018, 6:00:00 PM;4.2
9/30/2018, 2:00:00 AM;410;9/30/2018, 2:00:00 AM;3.9
9/30/2018, 4:00:00 AM;288;9/30/2018, 4:00:00 AM;5
9/30/2018, 6:00:00 AM;286;9/30/2018, 6:00:00 AM;3.9
9/30/2018, 8:00:00 AM;299;9/30/2018, 8:00:00 AM;3.9
10/1/2018, 2:00:00 AM;278;10/1/2018, 2:00:00 AM;5.3
10/1/2018, 4:00:00 AM;191;10/1/2018, 4:00:00 AM;6.4
10/2/2018, 2:00:00 AM;304;10/2/2018, 2:00:00 AM;5.2
10/2/2018, 4:00:00 AM;187;10/2/2018, 4:00:00 AM;6.3
10/2/2018, 6:00:00 AM;308;10/2/2018, 6:00:00 AM;3.8
10/2/2018, 10:00:00 AM;294;10/2/2018, 10:00:00 AM;3.9
10/2/2018, 12:00:00 PM;302;10/2/2018, 12:00:00 PM;3.8
10/2/2018, 2:00:00 PM;284;10/2/2018, 2:00:00 PM;4
10/2/2018, 4:00:00 PM;275;10/2/2018, 4:00:00 PM;4
10/3/2018, 2:00:00 AM;323;10/3/2018, 2:00:00 AM;4.8
10/3/2018, 4:00:00 AM;201;10/3/2018, 4:00:00 AM;6.1
10/3/2018, 10:00:00 AM;308;10/3/2018, 10:00:00 AM;3.8
10/3/2018, 8:00:00 PM;366;10/3/2018, 8:00:00 PM;4.4
10/3/2018, 10:00:00 PM;230;10/3/2018, 10:00:00 PM;5.8
10/4/2018, 6:00:00 AM;271;10/4/2018, 6:00:00 AM;5.5
10/4/2018, 8:00:00 PM;457;10/4/2018, 8:00:00 PM;4.1
10/4/2018, 10:00:00 PM;264;10/4/2018, 10:00:00 PM;5.6
10/6/2018, 2:00:00 AM;351;10/6/2018, 2:00:00 AM;4.8
10/6/2018, 4:00:00 AM;206;10/6/2018, 4:00:00 AM;6.1
10/7/2018, 2:00:00 AM;341;10/7/2018, 2:00:00 AM;4.9
10/7/2018, 4:00:00 AM;203;10/7/2018, 4:00:00 AM;6.2
10/8/2018, 2:00:00 AM;414;10/8/2018, 2:00:00 AM;4.2
10/8/2018, 4:00:00 AM;252;10/8/2018, 4:00:00 AM;5.7
10/9/2018, 2:00:00 AM;386;10/9/2018, 2:00:00 AM;4.4
10/9/2018, 4:00:00 AM;244;10/9/2018, 4:00:00 AM;5.8
10/10/2018, 2:00:00 AM;347;10/10/2018, 2:00:00 AM;4.8
10/10/2018, 4:00:00 AM;207;10/10/2018, 4:00:00 AM;6.1
10/11/2018, 2:00:00 AM;447;10/11/2018, 2:00:00 AM;3.9
10/11/2018, 4:00:00 AM;310;10/11/2018, 4:00:00 AM;5.4
10/12/2018, 2:00:00 AM;340;10/12/2018, 2:00:00 AM;5
10/12/2018, 4:00:00 AM;202;10/12/2018, 4:00:00 AM;6.2
10/13/2018, 2:00:00 AM;279;10/13/2018, 2:00:00 AM;5.6
10/13/2018, 4:00:00 PM;416;10/13/2018, 4:00:00 PM;4.7
10/13/2018, 6:00:00 PM;207;10/13/2018, 6:00:00 PM;5.9
10/15/2018, 2:00:00 AM;304;10/15/2018, 2:00:00 AM;5.3
10/15/2018, 4:00:00 AM;195;10/15/2018, 4:00:00 AM;6.4
10/16/2018, 1:59:00 AM;439;10/16/2018, 1:59:00 AM;4.1
10/16/2018, 4:00:00 AM;291;10/16/2018, 4:00:00 AM;5.6
10/17/2018, 2:00:00 AM;297;10/17/2018, 2:00:00 AM;5.4
10/17/2018, 4:00:00 AM;188;10/17/2018, 4:00:00 AM;6.4
10/18/2018, 1:59:00 AM;460;10/18/2018, 1:59:00 AM;3.8
10/18/2018, 4:00:00 AM;335;10/18/2018, 4:00:00 AM;5.3
10/18/2018, 8:00:00 PM;441;10/18/2018, 8:00:00 PM;3.8
10/18/2018, 10:00:00 PM;329;10/18/2018, 10:00:00 PM;5.1
10/19/2018, 8:00:00 PM;453;10/19/2018, 8:00:00 PM;4
10/19/2018, 10:00:00 PM;289;10/19/2018, 10:00:00 PM;5.5
10/21/2018, 2:01:00 AM;367;10/21/2018, 2:01:00 AM;4.6
10/21/2018, 4:00:00 AM;224;10/21/2018, 4:00:00 AM;6
10/21/2018, 8:00:00 AM;307;10/21/2018, 8:00:00 AM;3.9
10/22/2018, 2:00:00 AM;258;10/22/2018, 2:00:00 AM;5.6
10/23/2018, 2:00:00 AM;266;10/23/2018, 2:00:00 AM;5.6
10/24/2018, 2:00:00 AM;416;10/24/2018, 2:00:00 AM;4.1
10/24/2018, 4:00:00 AM;282;10/24/2018, 4:00:00 AM;5.5
10/25/2018, 2:00:00 AM;352;10/25/2018, 2:00:00 AM;4.7
10/25/2018, 4:00:00 AM;211;10/25/2018, 4:00:00 AM;6.1
10/25/2018, 8:00:00 AM;326;10/25/2018, 8:00:00 AM;3.7
10/25/2018, 10:00:00 AM;306;10/25/2018, 10:00:00 AM;3.9
10/26/2018, 2:00:00 AM;266;10/26/2018, 2:00:00 AM;5.5
10/26/2018, 4:00:00 AM;184;10/26/2018, 4:00:00 AM;6.5
10/26/2018, 6:00:00 AM;315;10/26/2018, 6:00:00 AM;3.8
10/26/2018, 8:00:00 AM;301;10/26/2018, 8:00:00 AM;4
10/26/2018, 12:00:00 PM;320;10/26/2018, 12:00:00 PM;5
10/27/2018, 4:00:00 PM;300;10/27/2018, 4:00:00 PM;4.2
10/27/2018, 11:00:00 PM;300;10/27/2018, 11:00:00 PM;3.9
10/28/2018, 1:00:00 AM;292;10/28/2018, 1:00:00 AM;4.5
10/28/2018, 2:00:00 AM;248;10/28/2018, 2:00:00 AM;4.8
10/28/2018, 4:00:00 AM;307;10/28/2018, 4:00:00 AM;3.6
10/28/2018, 6:00:00 AM;308;10/28/2018, 6:00:00 AM;3.9
10/28/2018, 12:00:00 PM;306;10/28/2018, 12:00:00 PM;4
10/28/2018, 10:00:00 PM;304;10/28/2018, 10:00:00 PM;3.8
10/29/2018, 12:00:00 AM;311;10/29/2018, 12:00:00 AM;3.8
10/29/2018, 2:00:00 AM;251;10/29/2018, 2:00:00 AM;5.1
10/29/2018, 4:00:00 AM;287;10/29/2018, 4:00:00 AM;3.8
10/29/2018, 6:00:00 AM;296;10/29/2018, 6:00:00 AM;3.8
10/29/2018, 8:00:00 AM;282;10/29/2018, 8:00:00 AM;3.9
10/29/2018, 10:00:00 AM;289;10/29/2018, 10:00:00 AM;3.8
10/29/2018, 12:00:00 PM;300;10/29/2018, 12:00:00 PM;3.8
10/29/2018, 2:00:00 PM;287;10/29/2018, 2:00:00 PM;3.9
10/29/2018, 4:00:00 PM;289;10/29/2018, 4:00:00 PM;3.8
10/29/2018, 10:00:00 PM;325;10/29/2018, 10:00:00 PM;3.8
10/30/2018, 12:00:00 AM;298;10/30/2018, 12:00:00 AM;3.8
10/30/2018, 2:00:00 AM;254;10/30/2018, 2:00:00 AM;4.7
10/30/2018, 4:00:00 AM;287;10/30/2018, 4:00:00 AM;3.7
10/30/2018, 6:00:00 AM;301;10/30/2018, 6:00:00 AM;3.8
10/30/2018, 8:00:00 AM;307;10/30/2018, 8:00:00 AM;3.8
10/30/2018, 10:00:00 AM;271;10/30/2018, 10:00:00 AM;4.5
10/30/2018, 12:00:00 PM;252;10/30/2018, 12:00:00 PM;4.6
10/30/2018, 6:00:00 PM;314;10/30/2018, 6:00:00 PM;3.7
10/30/2018, 8:00:00 PM;289;10/30/2018, 8:00:00 PM;3.7
10/30/2018, 10:00:00 PM;297;10/30/2018, 10:00:00 PM;3.7
10/31/2018, 12:00:00 AM;297;10/31/2018, 12:00:00 AM;3.8
10/31/2018, 2:00:00 AM;242;10/31/2018, 2:00:00 AM;4.8
10/31/2018, 4:00:00 AM;279;10/31/2018, 4:00:00 AM;3.9
10/31/2018, 6:00:00 AM;300;10/31/2018, 6:00:00 AM;3.8
10/31/2018, 8:00:00 AM;307;10/31/2018, 8:00:00 AM;3.7
10/31/2018, 10:00:00 AM;286;10/31/2018, 10:00:00 AM;3.8
10/31/2018, 6:00:00 PM;321;10/31/2018, 6:00:00 PM;3.5
10/31/2018, 8:00:00 PM;297;10/31/2018, 8:00:00 PM;5
11/1/2018, 4:00:00 AM;277;11/1/2018, 4:00:00 AM;4.6
11/1/2018, 10:00:00 AM;308;11/1/2018, 10:00:00 AM;3.9
11/2/2018, 12:00:00 AM;335;11/2/2018, 12:00:00 AM;3.8
11/2/2018, 2:00:00 AM;304;11/2/2018, 2:00:00 AM;5
11/2/2018, 4:00:00 AM;292;11/2/2018, 4:00:00 AM;3.8
11/2/2018, 10:00:00 AM;302;11/2/2018, 10:00:00 AM;4
11/2/2018, 10:00:00 PM;329;11/2/2018, 10:00:00 PM;3.8
11/3/2018, 12:00:00 AM;299;11/3/2018, 12:00:00 AM;3.8
11/3/2018, 2:00:00 AM;257;11/3/2018, 2:00:00 AM;4.7
11/3/2018, 4:00:00 AM;279;11/3/2018, 4:00:00 AM;3.9
11/3/2018, 6:00:00 AM;305;11/3/2018, 6:00:00 AM;3.8
11/3/2018, 8:00:00 AM;304;11/3/2018, 8:00:00 AM;3.8
11/3/2018, 10:00:00 AM;290;11/3/2018, 10:00:00 AM;3.7
11/3/2018, 8:00:00 PM;316;11/3/2018, 8:00:00 PM;3.8
11/3/2018, 10:00:00 PM;290;11/3/2018, 10:00:00 PM;3.9
11/4/2018, 12:00:00 AM;302;11/4/2018, 12:00:00 AM;3.9
11/4/2018, 2:00:00 AM;297;11/4/2018, 2:00:00 AM;4.6
11/4/2018, 4:00:00 AM;264;11/4/2018, 4:00:00 AM;4.4
11/4/2018, 6:00:00 AM;302;11/4/2018, 6:00:00 AM;3.8
11/4/2018, 8:00:00 AM;284;11/4/2018, 8:00:00 AM;3.9
11/4/2018, 10:00:00 AM;293;11/4/2018, 10:00:00 AM;4
11/5/2018, 10:00:00 PM;314;11/5/2018, 10:00:00 PM;3.6
11/6/2018, 12:00:00 AM;292;11/6/2018, 12:00:00 AM;3.8
11/6/2018, 2:00:00 AM;263;11/6/2018, 2:00:00 AM;4.9
11/6/2018, 4:00:00 AM;282;11/6/2018, 4:00:00 AM;3.7
11/6/2018, 6:00:00 AM;302;11/6/2018, 6:00:00 AM;3.7
11/6/2018, 6:00:00 PM;374;11/6/2018, 6:00:00 PM;3.5
11/6/2018, 8:00:00 PM;368;11/6/2018, 8:00:00 PM;4.6
11/6/2018, 10:00:00 PM;186;11/6/2018, 10:00:00 PM;6.2
11/7/2018, 6:00:00 AM;313;11/7/2018, 6:00:00 AM;3.9
11/8/2018, 12:00:00 AM;313;11/8/2018, 12:00:00 AM;3.9
11/8/2018, 2:00:00 AM;276;11/8/2018, 2:00:00 AM;5.1
11/8/2018, 4:00:00 AM;306;11/8/2018, 4:00:00 AM;3.8
11/8/2018, 6:00:00 AM;290;11/8/2018, 6:00:00 AM;3.9
11/8/2018, 10:00:00 AM;306;11/8/2018, 10:00:00 AM;3.9
11/9/2018, 2:00:00 AM;282;11/9/2018, 2:00:00 AM;4.9
11/9/2018, 4:00:00 AM;290;11/9/2018, 4:00:00 AM;3.9
11/9/2018, 2:00:00 PM;327;11/9/2018, 2:00:00 PM;3.8
11/9/2018, 4:00:00 PM;318;11/9/2018, 4:00:00 PM;4
11/9/2018, 10:00:00 PM;309;11/9/2018, 10:00:00 PM;3.6
11/10/2018, 12:00:00 AM;314;11/10/2018, 12:00:00 AM;3.8
11/10/2018, 2:00:00 AM;219;11/10/2018, 2:00:00 AM;5.8
11/10/2018, 4:00:00 AM;298;11/10/2018, 4:00:00 AM;4
11/11/2018, 12:00:00 AM;316;11/11/2018, 12:00:00 AM;3.8
11/11/2018, 2:00:00 AM;302;11/11/2018, 2:00:00 AM;4.8
11/11/2018, 4:00:00 AM;273;11/11/2018, 4:00:00 AM;4.3
11/11/2018, 6:00:00 AM;285;11/11/2018, 6:00:00 AM;3.9
11/11/2018, 8:00:00 PM;327;11/11/2018, 8:00:00 PM;3.8
11/12/2018, 12:00:00 AM;307;11/12/2018, 12:00:00 AM;3.9
11/12/2018, 2:00:00 AM;224;11/12/2018, 2:00:00 AM;5.4
11/12/2018, 4:00:00 AM;295;11/12/2018, 4:00:00 AM;3.9
11/12/2018, 6:00:00 AM;282;11/12/2018, 6:00:00 AM;3.9
11/12/2018, 12:00:00 PM;322;11/12/2018, 12:00:00 PM;3.8
11/12/2018, 2:00:00 PM;296;11/12/2018, 2:00:00 PM;3.9
11/12/2018, 4:00:00 PM;299;11/12/2018, 4:00:00 PM;3.8
11/12/2018, 6:00:00 PM;281;11/12/2018, 6:00:00 PM;3.9
11/13/2018, 2:00:00 AM;296;11/13/2018, 2:00:00 AM;5
11/13/2018, 4:00:00 AM;289;11/13/2018, 4:00:00 AM;3.7
11/13/2018, 6:00:00 AM;311;11/13/2018, 6:00:00 AM;3.7
11/13/2018, 8:00:00 AM;300;11/13/2018, 8:00:00 AM;3.8
11/14/2018, 2:00:00 AM;277;11/14/2018, 2:00:00 AM;5
11/14/2018, 4:00:00 AM;292;11/14/2018, 4:00:00 AM;3.9
11/14/2018, 6:00:00 AM;314;11/14/2018, 6:00:00 AM;3.8
11/14/2018, 8:00:00 AM;293;11/14/2018, 8:00:00 AM;3.8
11/14/2018, 2:00:00 PM;310;11/14/2018, 2:00:00 PM;4
11/15/2018, 12:00:00 AM;305;11/15/2018, 12:00:00 AM;3.8
11/15/2018, 2:00:00 AM;295;11/15/2018, 2:00:00 AM;4.7
11/15/2018, 4:00:00 AM;260;11/15/2018, 4:00:00 AM;4.4
11/15/2018, 8:00:00 AM;314;11/15/2018, 8:00:00 AM;3.8
11/15/2018, 6:00:00 PM;334;11/15/2018, 6:00:00 PM;3.7
11/15/2018, 8:00:00 PM;333;11/15/2018, 8:00:00 PM;4.8
11/15/2018, 10:00:00 PM;269;11/15/2018, 10:00:00 PM;4.4
11/16/2018, 12:00:00 AM;298;11/16/2018, 12:00:00 AM;3.6
11/16/2018, 2:00:00 AM;302;11/16/2018, 2:00:00 AM;3.7
11/16/2018, 4:00:00 AM;296;11/16/2018, 4:00:00 AM;3.9
11/16/2018, 8:00:00 AM;292;11/16/2018, 8:00:00 AM;3.8
11/16/2018, 10:00:00 AM;300;11/16/2018, 10:00:00 AM;3.8
11/16/2018, 8:00:00 PM;303;11/16/2018, 8:00:00 PM;3.8
11/16/2018, 10:00:00 PM;304;11/16/2018, 10:00:00 PM;3.9
11/17/2018, 12:00:00 AM;289;11/17/2018, 12:00:00 AM;3.9
11/17/2018, 2:00:00 AM;257;11/17/2018, 2:00:00 AM;4.7
11/17/2018, 4:00:00 AM;281;11/17/2018, 4:00:00 AM;3.9
11/17/2018, 6:00:00 AM;291;11/17/2018, 6:00:00 AM;3.8
11/17/2018, 8:00:00 AM;299;11/17/2018, 8:00:00 AM;3.7
11/17/2018, 10:00:00 AM;284;11/17/2018, 10:00:00 AM;3.7
11/17/2018, 10:00:00 PM;305;11/17/2018, 10:00:00 PM;3.7
11/18/2018, 12:00:00 AM;304;11/18/2018, 12:00:00 AM;3.8
11/18/2018, 2:00:00 AM;228;11/18/2018, 2:00:00 AM;5.2
11/18/2018, 4:00:00 AM;290;11/18/2018, 4:00:00 AM;3.8
11/18/2018, 6:00:00 AM;294;11/18/2018, 6:00:00 AM;3.8
11/18/2018, 10:00:00 AM;290;11/18/2018, 10:00:00 AM;3.8
11/18/2018, 12:00:00 PM;275;11/18/2018, 12:00:00 PM;4
11/18/2018, 6:01:00 PM;363;11/18/2018, 6:01:00 PM;4.3
11/18/2018, 8:00:00 PM;242;11/18/2018, 8:00:00 PM;4.8
11/18/2018, 9:59:00 PM;283;11/18/2018, 9:59:00 PM;3.8
11/19/2018, 12:01:00 AM;301;11/19/2018, 12:01:00 AM;3.8
11/19/2018, 1:59:00 AM;295;11/19/2018, 1:59:00 AM;3.7
11/19/2018, 4:00:00 AM;278;11/19/2018, 4:00:00 AM;3.7
11/19/2018, 6:00:00 AM;293;11/19/2018, 6:00:00 AM;3.8
11/19/2018, 8:01:00 AM;299;11/19/2018, 8:01:00 AM;3.8
11/19/2018, 10:00:00 AM;283;11/19/2018, 10:00:00 AM;3.8
11/19/2018, 12:00:00 PM;293;11/19/2018, 12:00:00 PM;3.8
11/19/2018, 2:00:00 PM;307;11/19/2018, 2:00:00 PM;3.7
11/19/2018, 4:00:00 PM;285;11/19/2018, 4:00:00 PM;3.8
11/19/2018, 6:00:00 PM;297;11/19/2018, 6:00:00 PM;3.6
11/19/2018, 8:00:00 PM;306;11/19/2018, 8:00:00 PM;3.7
11/19/2018, 10:00:00 PM;287;11/19/2018, 10:00:00 PM;3.8
11/20/2018, 12:00:00 AM;295;11/20/2018, 12:00:00 AM;3.8
11/20/2018, 2:00:00 AM;224;11/20/2018, 2:00:00 AM;5.2
11/20/2018, 4:00:00 AM;285;11/20/2018, 4:00:00 AM;3.8
11/20/2018, 6:00:00 AM;288;11/20/2018, 6:00:00 AM;3.8
11/20/2018, 10:00:00 AM;294;11/20/2018, 10:00:00 AM;3.8
11/20/2018, 12:00:00 PM;290;11/20/2018, 12:00:00 PM;3.8
11/20/2018, 2:00:00 PM;273;11/20/2018, 2:00:00 PM;3.8
11/20/2018, 4:00:00 PM;295;11/20/2018, 4:00:00 PM;3.8
11/20/2018, 6:00:00 PM;291;11/20/2018, 6:00:00 PM;3.7
11/20/2018, 8:00:00 PM;280;11/20/2018, 8:00:00 PM;3.6
11/20/2018, 10:00:00 PM;294;11/20/2018, 10:00:00 PM;3.8
11/21/2018, 12:00:00 AM;291;11/21/2018, 12:00:00 AM;3.7
11/21/2018, 2:00:00 AM;228;11/21/2018, 2:00:00 AM;5.1
11/21/2018, 4:00:00 AM;279;11/21/2018, 4:00:00 AM;3.8
11/21/2018, 6:00:00 AM;297;11/21/2018, 6:00:00 AM;3.8
11/21/2018, 8:00:00 AM;298;11/21/2018, 8:00:00 AM;3.8
11/21/2018, 10:00:00 AM;284;11/21/2018, 10:00:00 AM;3.8
11/21/2018, 12:00:00 PM;292;11/21/2018, 12:00:00 PM;3.8
11/21/2018, 2:00:00 PM;304;11/21/2018, 2:00:00 PM;3.8
11/21/2018, 4:00:00 PM;280;11/21/2018, 4:00:00 PM;3.8
11/21/2018, 6:00:00 PM;292;11/21/2018, 6:00:00 PM;3.8
11/21/2018, 8:00:00 PM;244;11/21/2018, 8:00:00 PM;4.9
11/21/2018, 10:00:00 PM;279;11/21/2018, 10:00:00 PM;3.8
11/22/2018, 12:00:00 AM;287;11/22/2018, 12:00:00 AM;3.8
11/22/2018, 2:00:00 AM;256;11/22/2018, 2:00:00 AM;4.9
11/22/2018, 4:00:00 AM;270;11/22/2018, 4:00:00 AM;3.9
11/22/2018, 6:00:00 AM;291;11/22/2018, 6:00:00 AM;3.8
11/22/2018, 8:00:00 AM;278;11/22/2018, 8:00:00 AM;3.8
11/22/2018, 10:00:00 AM;284;11/22/2018, 10:00:00 AM;3.8
11/22/2018, 12:00:00 PM;293;11/22/2018, 12:00:00 PM;3.8
11/22/2018, 2:00:00 PM;282;11/22/2018, 2:00:00 PM;3.9
11/22/2018, 4:00:00 PM;286;11/22/2018, 4:00:00 PM;3.9
11/22/2018, 6:00:00 PM;295;11/22/2018, 6:00:00 PM;3.7
11/22/2018, 8:00:00 PM;297;11/22/2018, 8:00:00 PM;4.2
11/22/2018, 10:00:00 PM;239;11/22/2018, 10:00:00 PM;4.7
11/23/2018, 12:00:00 AM;275;11/23/2018, 12:00:00 AM;3.9
11/23/2018, 2:00:00 AM;259;11/23/2018, 2:00:00 AM;4.4
11/23/2018, 4:00:00 AM;298;11/23/2018, 4:00:00 AM;3.9
11/23/2018, 6:00:00 AM;277;11/23/2018, 6:00:00 AM;3.9
11/23/2018, 8:00:00 AM;287;11/23/2018, 8:00:00 AM;3.8
11/23/2018, 10:00:00 AM;274;11/23/2018, 10:00:00 AM;3.7
11/23/2018, 12:00:00 PM;284;11/23/2018, 12:00:00 PM;4
11/23/2018, 2:00:00 PM;287;11/23/2018, 2:00:00 PM;4
11/23/2018, 4:00:00 PM;276;11/23/2018, 4:00:00 PM;4
11/23/2018, 6:00:00 PM;283;11/23/2018, 6:00:00 PM;3.8
11/23/2018, 8:00:00 PM;285;11/23/2018, 8:00:00 PM;3.9
11/23/2018, 10:00:00 PM;271;11/23/2018, 10:00:00 PM;4
11/24/2018, 12:00:00 AM;286;11/24/2018, 12:00:00 AM;3.8
11/24/2018, 2:00:00 AM;241;11/24/2018, 2:00:00 AM;4.7
11/24/2018, 4:00:00 AM;271;11/24/2018, 4:00:00 AM;3.8
11/24/2018, 6:00:00 AM;290;11/24/2018, 6:00:00 AM;4
11/24/2018, 8:00:00 AM;288;11/24/2018, 8:00:00 AM;3.8
11/24/2018, 10:00:00 AM;273;11/24/2018, 10:00:00 AM;3.8
11/24/2018, 12:00:00 PM;285;11/24/2018, 12:00:00 PM;3.8
11/24/2018, 2:00:00 PM;299;11/24/2018, 2:00:00 PM;3.7
11/24/2018, 4:00:00 PM;279;11/24/2018, 4:00:00 PM;3.8
11/24/2018, 6:00:00 PM;286;11/24/2018, 6:00:00 PM;3.8
11/24/2018, 8:00:00 PM;316;11/24/2018, 8:00:00 PM;4.2
11/24/2018, 10:00:00 PM;227;11/24/2018, 10:00:00 PM;4.9
11/25/2018, 12:00:00 AM;271;11/25/2018, 12:00:00 AM;4
11/25/2018, 2:00:00 AM;256;11/25/2018, 2:00:00 AM;4.4
11/25/2018, 4:00:00 AM;269;11/25/2018, 4:00:00 AM;3.7
11/25/2018, 6:00:00 AM;283;11/25/2018, 6:00:00 AM;3.9
11/25/2018, 8:00:00 AM;290;11/25/2018, 8:00:00 AM;3.8
11/25/2018, 10:00:00 AM;276;11/25/2018, 10:00:00 AM;3.9
11/25/2018, 12:00:00 PM;284;11/25/2018, 12:00:00 PM;3.8
11/25/2018, 2:00:00 PM;290;11/25/2018, 2:00:00 PM;3.9
11/25/2018, 4:00:00 PM;276;11/25/2018, 4:00:00 PM;3.9
11/25/2018, 6:00:00 PM;287;11/25/2018, 6:00:00 PM;3.7
11/25/2018, 8:00:00 PM;293;11/25/2018, 8:00:00 PM;3.9
11/25/2018, 10:00:00 PM;282;11/25/2018, 10:00:00 PM;3.9
11/26/2018, 12:00:00 AM;289;11/26/2018, 12:00:00 AM;3.8
11/26/2018, 2:00:00 AM;260;11/26/2018, 2:00:00 AM;5
11/26/2018, 4:00:00 AM;273;11/26/2018, 4:00:00 AM;3.8
11/26/2018, 6:00:00 AM;305;11/26/2018, 6:00:00 AM;3.8
11/26/2018, 8:00:00 AM;287;11/26/2018, 8:00:00 AM;3.8
11/26/2018, 10:00:00 AM;287;11/26/2018, 10:00:00 AM;3.8
11/26/2018, 12:00:00 PM;268;11/26/2018, 12:00:00 PM;3.8
11/26/2018, 2:00:00 PM;300;11/26/2018, 2:00:00 PM;3.8
11/26/2018, 4:00:00 PM;279;11/26/2018, 4:00:00 PM;3.8
11/26/2018, 8:00:00 PM;291;11/26/2018, 8:00:00 PM;3.7
11/26/2018, 10:00:00 PM;295;11/26/2018, 10:00:00 PM;3.9
11/27/2018, 12:00:00 AM;296;11/27/2018, 12:00:00 AM;3.7
11/27/2018, 2:00:00 AM;311;11/27/2018, 2:00:00 AM;4.4
11/27/2018, 4:00:00 AM;248;11/27/2018, 4:00:00 AM;4.5
11/27/2018, 6:00:00 AM;277;11/27/2018, 6:00:00 AM;3.9
11/27/2018, 8:00:00 AM;286;11/27/2018, 8:00:00 AM;3.9
11/27/2018, 10:00:00 AM;286;11/27/2018, 10:00:00 AM;3.8
11/27/2018, 12:00:00 PM;272;11/27/2018, 12:00:00 PM;3.9
11/27/2018, 2:00:00 PM;288;11/27/2018, 2:00:00 PM;3.9
11/27/2018, 4:00:00 PM;291;11/27/2018, 4:00:00 PM;3.8
11/27/2018, 6:00:00 PM;277;11/27/2018, 6:00:00 PM;3.8
11/27/2018, 8:00:00 PM;289;11/27/2018, 8:00:00 PM;3.8
11/27/2018, 10:00:00 PM;291;11/27/2018, 10:00:00 PM;3.8
11/28/2018, 12:00:00 AM;278;11/28/2018, 12:00:00 AM;3.8
11/28/2018, 2:00:00 AM;251;11/28/2018, 2:00:00 AM;5
11/28/2018, 4:00:00 AM;277;11/28/2018, 4:00:00 AM;3.9
11/28/2018, 6:00:00 AM;285;11/28/2018, 6:00:00 AM;3.8
11/28/2018, 8:00:00 AM;280;11/28/2018, 8:00:00 AM;3.7
11/28/2018, 10:00:00 AM;283;11/28/2018, 10:00:00 AM;3.7
11/28/2018, 12:00:00 PM;286;11/28/2018, 12:00:00 PM;3.7
11/28/2018, 4:00:00 PM;284;11/28/2018, 4:00:00 PM;3.7
11/28/2018, 6:00:00 PM;294;11/28/2018, 6:00:00 PM;3.7
11/28/2018, 8:00:00 PM;276;11/28/2018, 8:00:00 PM;4.6
11/28/2018, 10:00:00 PM;238;11/28/2018, 10:00:00 PM;4.7
11/29/2018, 12:00:00 AM;299;11/29/2018, 12:00:00 AM;3.8
11/29/2018, 2:00:00 AM;258;11/29/2018, 2:00:00 AM;4.4
11/29/2018, 4:00:00 AM;299;11/29/2018, 4:00:00 AM;3.7
11/29/2018, 6:00:00 AM;297;11/29/2018, 6:00:00 AM;3.9
11/29/2018, 10:00:00 AM;292;11/29/2018, 10:00:00 AM;3.8
11/29/2018, 12:00:00 PM;269;11/29/2018, 12:00:00 PM;3.8
11/29/2018, 8:00:00 PM;301;11/29/2018, 8:00:00 PM;3.8
11/30/2018, 12:00:00 AM;291;11/30/2018, 12:00:00 AM;3.9
11/30/2018, 2:00:00 AM;241;11/30/2018, 2:00:00 AM;5.2
11/30/2018, 6:01:00 AM;288;11/30/2018, 6:01:00 AM;3.9
11/30/2018, 11:59:00 AM;303;11/30/2018, 11:59:00 AM;3.9
11/30/2018, 8:00:00 PM;320;11/30/2018, 8:00:00 PM;3.7
11/30/2018, 10:01:00 PM;293;11/30/2018, 10:01:00 PM;3.8
11/30/2018, 11:59:00 PM;297;11/30/2018, 11:59:00 PM;3.8
12/1/2018, 2:01:00 AM;204;12/1/2018, 2:01:00 AM;6
12/1/2018, 4:01:00 AM;287;12/1/2018, 4:01:00 AM;3.9
12/1/2018, 5:59:00 AM;295;12/1/2018, 5:59:00 AM;3.8
12/1/2018, 7:59:00 AM;164;12/1/2018, 7:59:00 AM;3.8
12/1/2018, 10:00:00 AM;290;12/1/2018, 10:00:00 AM;3.9
12/1/2018, 4:00:00 PM;315;12/1/2018, 4:00:00 PM;3.6
12/1/2018, 6:00:00 PM;296;12/1/2018, 6:00:00 PM;3.8
12/1/2018, 10:00:00 PM;301;12/1/2018, 10:00:00 PM;3.9
12/2/2018, 2:00:00 AM;319;12/2/2018, 2:00:00 AM;4.4
12/2/2018, 4:00:00 AM;248;12/2/2018, 4:00:00 AM;4.6
12/2/2018, 12:00:00 PM;301;12/2/2018, 12:00:00 PM;3.8
12/2/2018, 2:00:00 PM;306;12/2/2018, 2:00:00 PM;3.9
12/3/2018, 12:00:00 AM;303;12/3/2018, 12:00:00 AM;3.8
12/3/2018, 2:00:00 AM;251;12/3/2018, 2:00:00 AM;5
12/3/2018, 4:00:00 AM;298;12/3/2018, 4:00:00 AM;3.8
12/3/2018, 6:00:00 AM;284;12/3/2018, 6:00:00 AM;3.9
12/3/2018, 12:00:00 PM;314;12/3/2018, 12:00:00 PM;3.9
12/4/2018, 12:00:00 AM;307;12/4/2018, 12:00:00 AM;3.8
12/4/2018, 2:00:00 AM;232;12/4/2018, 2:00:00 AM;5.2
12/4/2018, 4:00:00 AM;288;12/4/2018, 4:00:00 AM;3.8
12/4/2018, 6:00:00 AM;299;12/4/2018, 6:00:00 AM;3.8
12/4/2018, 8:01:00 AM;296;12/4/2018, 8:01:00 AM;3.4
12/4/2018, 9:59:00 AM;292;12/4/2018, 9:59:00 AM;3.8
12/4/2018, 8:00:00 PM;303;12/4/2018, 8:00:00 PM;3.7
12/4/2018, 10:00:00 PM;284;12/4/2018, 10:00:00 PM;3.8
12/5/2018, 12:00:00 AM;296;12/5/2018, 12:00:00 AM;3.8
12/5/2018, 2:00:00 AM;253;12/5/2018, 2:00:00 AM;5
12/5/2018, 4:00:00 AM;282;12/5/2018, 4:00:00 AM;3.8
12/5/2018, 6:00:00 AM;287;12/5/2018, 6:00:00 AM;3.9
12/5/2018, 7:59:00 AM;269;12/5/2018, 7:59:00 AM;3.9
12/5/2018, 9:59:00 AM;286;12/5/2018, 9:59:00 AM;3.8
12/5/2018, 12:00:00 PM;282;12/5/2018, 12:00:00 PM;3.9
12/5/2018, 2:00:00 PM;252;12/5/2018, 2:00:00 PM;4
12/5/2018, 4:00:00 PM;285;12/5/2018, 4:00:00 PM;3.8
12/5/2018, 6:00:00 PM;279;12/5/2018, 6:00:00 PM;3.8
12/5/2018, 8:00:00 PM;257;12/5/2018, 8:00:00 PM;4
12/5/2018, 10:00:00 PM;287;12/5/2018, 10:00:00 PM;3.9
12/6/2018, 12:00:00 AM;287;12/6/2018, 12:00:00 AM;3.9
12/6/2018, 2:00:00 AM;280;12/6/2018, 2:00:00 AM;4.7
12/6/2018, 4:01:00 AM;246;12/6/2018, 4:01:00 AM;4.5
12/6/2018, 2:00:00 PM;311;12/6/2018, 2:00:00 PM;3.9
12/6/2018, 10:00:00 PM;305;12/6/2018, 10:00:00 PM;3.9
12/7/2018, 2:00:00 AM;309;12/7/2018, 2:00:00 AM;4.7
12/7/2018, 4:00:00 AM;258;12/7/2018, 4:00:00 AM;4.4
12/7/2018, 2:00:00 PM;306;12/7/2018, 2:00:00 PM;3.9
12/7/2018, 8:00:00 PM;298;12/7/2018, 8:00:00 PM;3.8
12/8/2018, 12:00:00 AM;295;12/8/2018, 12:00:00 AM;3.8
12/8/2018, 2:00:00 AM;243;12/8/2018, 2:00:00 AM;4.8
12/8/2018, 4:00:00 AM;277;12/8/2018, 4:00:00 AM;3.9
12/8/2018, 6:00:00 AM;289;12/8/2018, 6:00:00 AM;3.8
12/8/2018, 8:00:00 AM;300;12/8/2018, 8:00:00 AM;3.9
12/8/2018, 10:00:00 AM;285;12/8/2018, 10:00:00 AM;3.9
12/8/2018, 12:00:00 PM;282;12/8/2018, 12:00:00 PM;3.9
12/8/2018, 2:00:00 PM;297;12/8/2018, 2:00:00 PM;3.8
12/8/2018, 4:00:00 PM;287;12/8/2018, 4:00:00 PM;3.8
12/8/2018, 6:00:00 PM;287;12/8/2018, 6:00:00 PM;3.8
12/8/2018, 10:00:00 PM;290;12/8/2018, 10:00:00 PM;3.9
12/9/2018, 12:00:00 AM;284;12/9/2018, 12:00:00 AM;3.9
12/9/2018, 2:00:00 AM;211;12/9/2018, 2:00:00 AM;5.6
12/9/2018, 4:00:00 AM;281;12/9/2018, 4:00:00 AM;4
12/9/2018, 6:00:00 AM;294;12/9/2018, 6:00:00 AM;4
12/9/2018, 8:00:00 AM;268;12/9/2018, 8:00:00 AM;4
12/9/2018, 10:00:00 AM;285;12/9/2018, 10:00:00 AM;3.9
12/9/2018, 10:00:00 PM;313;12/9/2018, 10:00:00 PM;3.8
12/10/2018, 12:00:00 AM;290;12/10/2018, 12:00:00 AM;3.9
12/10/2018, 2:00:00 AM;289;12/10/2018, 2:00:00 AM;4.7
12/10/2018, 4:00:00 AM;271;12/10/2018, 4:00:00 AM;4.1
12/10/2018, 6:00:00 AM;291;12/10/2018, 6:00:00 AM;3.8
12/10/2018, 8:00:00 AM;274;12/10/2018, 8:00:00 AM;3.9
12/10/2018, 10:00:00 AM;287;12/10/2018, 10:00:00 AM;3.9
12/10/2018, 12:00:00 PM;295;12/10/2018, 12:00:00 PM;3.8
12/10/2018, 2:00:00 PM;277;12/10/2018, 2:00:00 PM;4
12/10/2018, 4:00:00 PM;285;12/10/2018, 4:00:00 PM;3.9
12/10/2018, 8:00:00 PM;282;12/10/2018, 8:00:00 PM;3.8
12/10/2018, 10:00:00 PM;288;12/10/2018, 10:00:00 PM;3.9
12/11/2018, 12:00:00 AM;272;12/11/2018, 12:00:00 AM;4
12/11/2018, 2:00:00 AM;249;12/11/2018, 2:00:00 AM;4.8
12/11/2018, 3:58:00 AM;283;12/11/2018, 3:58:00 AM;3.9
12/11/2018, 4:01:00 AM;277;12/11/2018, 4:01:00 AM;3.9
12/11/2018, 6:00:00 AM;282;12/11/2018, 6:00:00 AM;3.9
12/11/2018, 8:00:00 AM;289;12/11/2018, 8:00:00 AM;3.9
12/11/2018, 10:00:00 AM;277;12/11/2018, 10:00:00 AM;3.9
12/11/2018, 12:00:00 PM;281;12/11/2018, 12:00:00 PM;4
12/11/2018, 2:00:00 PM;290;12/11/2018, 2:00:00 PM;4
12/11/2018, 4:00:00 PM;268;12/11/2018, 4:00:00 PM;4.1
12/11/2018, 8:00:00 PM;280;12/11/2018, 8:00:00 PM;3.9
12/11/2018, 10:00:00 PM;280;12/11/2018, 10:00:00 PM;4
12/12/2018, 2:00:00 AM;251;12/12/2018, 2:00:00 AM;4.7
12/12/2018, 4:00:00 AM;277;12/12/2018, 4:00:00 AM;3.8
12/12/2018, 6:00:00 AM;283;12/12/2018, 6:00:00 AM;3.9
12/12/2018, 8:00:00 AM;293;12/12/2018, 8:00:00 AM;3.7
12/12/2018, 10:00:00 AM;279;12/12/2018, 10:00:00 AM;3.8
12/12/2018, 12:00:00 PM;277;12/12/2018, 12:00:00 PM;3.9
12/12/2018, 2:00:00 PM;365;12/12/2018, 2:00:00 PM;3.7
12/12/2018, 4:00:00 PM;266;12/12/2018, 4:00:00 PM;5
12/12/2018, 6:00:00 PM;260;12/12/2018, 6:00:00 PM;4
12/12/2018, 8:00:00 PM;288;12/12/2018, 8:00:00 PM;3.8
12/12/2018, 10:00:00 PM;275;12/12/2018, 10:00:00 PM;3.8
12/13/2018, 12:00:00 AM;279;12/13/2018, 12:00:00 AM;3.9
12/13/2018, 2:00:00 AM;237;12/13/2018, 2:00:00 AM;4.8
12/13/2018, 4:00:00 AM;269;12/13/2018, 4:00:00 AM;3.9
12/13/2018, 6:00:00 AM;280;12/13/2018, 6:00:00 AM;3.9
12/13/2018, 8:00:00 AM;286;12/13/2018, 8:00:00 AM;3.9
12/13/2018, 10:00:00 AM;271;12/13/2018, 10:00:00 AM;3.9
12/13/2018, 12:00:00 PM;280;12/13/2018, 12:00:00 PM;4
12/13/2018, 4:00:00 PM;280;12/13/2018, 4:00:00 PM;3.9
12/13/2018, 6:00:00 PM;300;12/13/2018, 6:00:00 PM;3.6
12/13/2018, 8:00:00 PM;276;12/13/2018, 8:00:00 PM;3.8
12/13/2018, 10:00:00 PM;276;12/13/2018, 10:00:00 PM;3.8
12/14/2018, 12:00:00 AM;300;12/14/2018, 12:00:00 AM;3.8
12/14/2018, 2:27:00 AM;320;12/14/2018, 2:27:00 AM;4.2
12/14/2018, 4:00:00 AM;234;12/14/2018, 4:00:00 AM;4.9
12/14/2018, 6:00:00 AM;277;12/14/2018, 6:00:00 AM;3.9
12/14/2018, 8:00:00 AM;275;12/14/2018, 8:00:00 AM;3.8
12/14/2018, 10:00:00 AM;285;12/14/2018, 10:00:00 AM;3.8
12/14/2018, 12:00:00 PM;273;12/14/2018, 12:00:00 PM;3.9
12/14/2018, 2:00:00 PM;274;12/14/2018, 2:00:00 PM;4.1
12/14/2018, 4:00:00 PM;285;12/14/2018, 4:00:00 PM;3.8
12/14/2018, 6:00:00 PM;266;12/14/2018, 6:00:00 PM;3.9
12/14/2018, 8:00:00 PM;276;12/14/2018, 8:00:00 PM;3.8
12/14/2018, 9:59:00 PM;286;12/14/2018, 9:59:00 PM;3.8
12/15/2018, 12:00:00 AM;274;12/15/2018, 12:00:00 AM;3.9
12/15/2018, 2:00:00 AM;239;12/15/2018, 2:00:00 AM;4.9
12/15/2018, 4:00:00 AM;276;12/15/2018, 4:00:00 AM;3.8
12/15/2018, 6:00:00 AM;277;12/15/2018, 6:00:00 AM;3.8
12/15/2018, 8:01:00 AM;283;12/15/2018, 8:01:00 AM;3.8
12/15/2018, 10:00:00 AM;270;12/15/2018, 10:00:00 AM;3.8
12/15/2018, 12:00:00 PM;270;12/15/2018, 12:00:00 PM;3.8
12/15/2018, 2:34:27 PM;245;12/15/2018, 2:34:27 PM;3.9
12/15/2018, 2:36:00 PM;291;12/15/2018, 2:36:00 PM;3.8
12/15/2018, 2:42:32 PM;245;12/15/2018, 2:42:32 PM;3.9
12/15/2018, 2:50:04 PM;245;12/15/2018, 2:50:04 PM;3.9
12/15/2018, 4:00:00 PM;268;12/15/2018, 4:00:00 PM;3.8
12/15/2018, 6:00:00 PM;271;12/15/2018, 6:00:00 PM;3.8
12/15/2018, 8:00:00 PM;255;12/15/2018, 8:00:00 PM;3.8
12/15/2018, 10:00:00 PM;270;12/15/2018, 10:00:00 PM;3.8
12/16/2018, 12:00:00 AM;269;12/16/2018, 12:00:00 AM;3.9
12/16/2018, 2:00:00 AM;225;12/16/2018, 2:00:00 AM;5
12/16/2018, 4:00:00 AM;265;12/16/2018, 4:00:00 AM;3.8
12/16/2018, 6:00:00 AM;271;12/16/2018, 6:00:00 AM;3.9
12/16/2018, 8:00:00 AM;266;12/16/2018, 8:00:00 AM;3.9
12/16/2018, 10:00:00 AM;264;12/16/2018, 10:00:00 AM;3.9
12/16/2018, 12:00:00 PM;270;12/16/2018, 12:00:00 PM;3.8
12/16/2018, 2:00:00 PM;260;12/16/2018, 2:00:00 PM;3.8
12/16/2018, 3:59:00 PM;267;12/16/2018, 3:59:00 PM;3.8
12/16/2018, 6:00:00 PM;275;12/16/2018, 6:00:00 PM;3.8
12/16/2018, 8:00:00 PM;254;12/16/2018, 8:00:00 PM;3.9
12/16/2018, 10:00:00 PM;271;12/16/2018, 10:00:00 PM;3.9
12/17/2018, 12:00:00 AM;279;12/17/2018, 12:00:00 AM;3.8
12/17/2018, 2:00:00 AM;320;12/17/2018, 2:00:00 AM;4
12/17/2018, 4:00:00 AM;222;12/17/2018, 4:00:00 AM;5
12/17/2018, 6:00:00 AM;262;12/17/2018, 6:00:00 AM;4
12/17/2018, 8:00:00 AM;274;12/17/2018, 8:00:00 AM;3.9
12/17/2018, 10:00:00 AM;284;12/17/2018, 10:00:00 AM;3.9
12/17/2018, 12:00:00 PM;264;12/17/2018, 12:00:00 PM;4
12/17/2018, 2:00:00 PM;281;12/17/2018, 2:00:00 PM;3.9
12/17/2018, 4:00:00 PM;293;12/17/2018, 4:00:00 PM;3.8
12/17/2018, 6:00:00 PM;278;12/17/2018, 6:00:00 PM;3.9
12/17/2018, 8:00:00 PM;296;12/17/2018, 8:00:00 PM;3.7
12/17/2018, 10:00:00 PM;274;12/17/2018, 10:00:00 PM;3.9
12/18/2018, 12:00:00 AM;278;12/18/2018, 12:00:00 AM;3.9
12/18/2018, 2:00:00 AM;214;12/18/2018, 2:00:00 AM;5.4
12/18/2018, 4:00:00 AM;270;12/18/2018, 4:00:00 AM;3.9
12/18/2018, 6:00:00 AM;283;12/18/2018, 6:00:00 AM;3.9
12/18/2018, 12:00:00 PM;287;12/18/2018, 12:00:00 PM;3.9
12/18/2018, 8:00:00 PM;298;12/18/2018, 8:00:00 PM;3.8
12/18/2018, 10:00:00 PM;275;12/18/2018, 10:00:00 PM;3.9
12/19/2018, 12:00:00 AM;293;12/19/2018, 12:00:00 AM;3.9
12/19/2018, 2:00:00 AM;234;12/19/2018, 2:00:00 AM;5
12/19/2018, 4:00:00 AM;273;12/19/2018, 4:00:00 AM;3.9
12/19/2018, 6:00:00 AM;289;12/19/2018, 6:00:00 AM;3.9
12/19/2018, 8:00:00 AM;297;12/19/2018, 8:00:00 AM;3.8
12/19/2018, 10:00:00 AM;279;12/19/2018, 10:00:00 AM;3.9
12/19/2018, 6:00:00 PM;299;12/19/2018, 6:00:00 PM;3.7
12/19/2018, 8:00:00 PM;328;12/19/2018, 8:00:00 PM;4.4
12/19/2018, 10:00:00 PM;234;12/19/2018, 10:00:00 PM;4.8
12/20/2018, 12:00:00 AM;301;12/20/2018, 12:00:00 AM;3.8
12/20/2018, 2:00:00 AM;281;12/20/2018, 2:00:00 AM;3.8
12/20/2018, 4:00:00 AM;279;12/20/2018, 4:00:00 AM;4
12/20/2018, 6:00:00 AM;298;12/20/2018, 6:00:00 AM;3.6
12/20/2018, 8:00:00 AM;280;12/20/2018, 8:00:00 AM;3.9
12/20/2018, 10:00:00 AM;280;12/20/2018, 10:00:00 AM;4
12/20/2018, 2:00:00 PM;304;12/20/2018, 2:00:00 PM;3.8
12/20/2018, 4:00:00 PM;281;12/20/2018, 4:00:00 PM;3.9
12/20/2018, 6:00:00 PM;285;12/20/2018, 6:00:00 PM;3.8
12/20/2018, 10:00:00 PM;292;12/20/2018, 10:00:00 PM;3.9
12/21/2018, 12:00:00 AM;303;12/21/2018, 12:00:00 AM;3.8
12/21/2018, 2:00:00 AM;236;12/21/2018, 2:00:00 AM;5
12/21/2018, 4:00:00 AM;276;12/21/2018, 4:00:00 AM;3.9
12/21/2018, 6:00:00 AM;290;12/21/2018, 6:00:00 AM;3.9
12/21/2018, 8:00:00 AM;299;12/21/2018, 8:00:00 AM;3.6
12/21/2018, 10:00:00 AM;281;12/21/2018, 10:00:00 AM;3.8
12/21/2018, 4:00:00 PM;296;12/21/2018, 4:00:00 PM;3.9
12/22/2018, 12:00:00 AM;296;12/22/2018, 12:00:00 AM;3.8
12/22/2018, 1:59:00 AM;228;12/22/2018, 1:59:00 AM;5.3
12/22/2018, 4:00:00 AM;279;12/22/2018, 4:00:00 AM;3.9
12/22/2018, 8:00:00 AM;302;12/22/2018, 8:00:00 AM;3.9
12/22/2018, 4:00:00 PM;294;12/22/2018, 4:00:00 PM;3.8
12/22/2018, 8:00:00 PM;296;12/22/2018, 8:00:00 PM;3.9
12/22/2018, 10:00:00 PM;272;12/22/2018, 10:00:00 PM;4
12/23/2018, 12:00:00 AM;301;12/23/2018, 12:00:00 AM;3.8
12/23/2018, 2:00:00 AM;239;12/23/2018, 2:00:00 AM;5
12/23/2018, 4:00:00 AM;273;12/23/2018, 4:00:00 AM;3.8
12/23/2018, 6:00:00 AM;294;12/23/2018, 6:00:00 AM;3.9
12/23/2018, 8:00:00 AM;298;12/23/2018, 8:00:00 AM;3.9
12/23/2018, 10:00:00 AM;278;12/23/2018, 10:00:00 AM;4
12/23/2018, 4:00:00 PM;298;12/23/2018, 4:00:00 PM;3.9
12/23/2018, 10:00:00 PM;310;12/23/2018, 10:00:00 PM;3.9
12/24/2018, 12:00:00 AM;285;12/24/2018, 12:00:00 AM;4
12/24/2018, 2:00:00 AM;260;12/24/2018, 2:00:00 AM;5
12/24/2018, 4:00:00 AM;278;12/24/2018, 4:00:00 AM;3.8
12/24/2018, 6:00:00 AM;289;12/24/2018, 6:00:00 AM;3.9
12/24/2018, 10:00:00 AM;283;12/24/2018, 10:00:00 AM;3.9
12/24/2018, 10:00:00 PM;302;12/24/2018, 10:00:00 PM;3.9
12/25/2018, 12:00:00 AM;297;12/25/2018, 12:00:00 AM;3.9
12/25/2018, 2:00:00 AM;249;12/25/2018, 2:00:00 AM;4.9
12/25/2018, 4:00:00 AM;283;12/25/2018, 4:00:00 AM;3.8
12/25/2018, 6:00:00 AM;284;12/25/2018, 6:00:00 AM;3.8
12/25/2018, 8:00:00 AM;299;12/25/2018, 8:00:00 AM;3.8
12/25/2018, 10:00:00 AM;284;12/25/2018, 10:00:00 AM;4
12/25/2018, 12:00:00 PM;277;12/25/2018, 12:00:00 PM;3.9
12/25/2018, 4:00:00 PM;294;12/25/2018, 4:00:00 PM;3.9
12/25/2018, 6:00:00 PM;276;12/25/2018, 6:00:00 PM;4
12/25/2018, 8:00:00 PM;284;12/25/2018, 8:00:00 PM;3.9
12/25/2018, 10:00:00 PM;295;12/25/2018, 10:00:00 PM;3.9
12/26/2018, 12:00:00 AM;276;12/26/2018, 12:00:00 AM;4
12/26/2018, 2:00:00 AM;242;12/26/2018, 2:00:00 AM;4.9
12/26/2018, 4:00:00 AM;279;12/26/2018, 4:00:00 AM;3.9
12/26/2018, 6:00:00 AM;280;12/26/2018, 6:00:00 AM;3.9
12/26/2018, 8:00:00 AM;298;12/26/2018, 8:00:00 AM;3.8
12/26/2018, 10:00:00 AM;277;12/26/2018, 10:00:00 AM;3.9
12/26/2018, 12:00:00 PM;272;12/26/2018, 12:00:00 PM;3.9
12/26/2018, 4:00:00 PM;281;12/26/2018, 4:00:00 PM;3.8
12/26/2018, 8:00:00 PM;278;12/26/2018, 8:00:00 PM;4
12/26/2018, 10:00:00 PM;283;12/26/2018, 10:00:00 PM;3.9
12/27/2018, 12:00:00 AM;265;12/27/2018, 12:00:00 AM;3.9
12/27/2018, 2:01:00 AM;263;12/27/2018, 2:01:00 AM;5
12/27/2018, 4:00:00 AM;278;12/27/2018, 4:00:00 AM;3.9
12/27/2018, 5:59:00 AM;287;12/27/2018, 5:59:00 AM;3.8
12/27/2018, 8:02:00 AM;272;12/27/2018, 8:02:00 AM;4
12/27/2018, 10:00:00 AM;278;12/27/2018, 10:00:00 AM;3.9
12/27/2018, 12:00:00 PM;287;12/27/2018, 12:00:00 PM;3.8
12/27/2018, 2:00:00 PM;272;12/27/2018, 2:00:00 PM;4
12/27/2018, 4:00:00 PM;275;12/27/2018, 4:00:00 PM;4
12/27/2018, 6:00:00 PM;291;12/27/2018, 6:00:00 PM;3.8
12/27/2018, 8:00:00 PM;253;12/27/2018, 8:00:00 PM;4.1
12/27/2018, 10:00:00 PM;267;12/27/2018, 10:00:00 PM;4.2
12/28/2018, 12:00:00 AM;294;12/28/2018, 12:00:00 AM;3.8
12/28/2018, 2:00:00 AM;312;12/28/2018, 2:00:00 AM;4.1
12/28/2018, 4:00:00 AM;232;12/28/2018, 4:00:00 AM;4.9
12/28/2018, 6:00:00 AM;273;12/28/2018, 6:00:00 AM;4
12/28/2018, 7:58:00 AM;283;12/28/2018, 7:58:00 AM;3.9
12/28/2018, 10:00:00 AM;286;12/28/2018, 10:00:00 AM;3.8
12/28/2018, 12:00:00 PM;268;12/28/2018, 12:00:00 PM;3.9
12/28/2018, 2:00:00 PM;277;12/28/2018, 2:00:00 PM;3.9
12/28/2018, 4:00:00 PM;287;12/28/2018, 4:00:00 PM;3.8
12/28/2018, 6:00:00 PM;263;12/28/2018, 6:00:00 PM;3.8
12/28/2018, 8:00:00 PM;271;12/28/2018, 8:00:00 PM;4
12/28/2018, 10:00:00 PM;289;12/28/2018, 10:00:00 PM;4
12/29/2018, 12:00:00 AM;264;12/29/2018, 12:00:00 AM;4
12/29/2018, 2:00:00 AM;307;12/29/2018, 2:00:00 AM;4.2
12/29/2018, 4:00:00 AM;236;12/29/2018, 4:00:00 AM;4.8
12/29/2018, 6:00:00 AM;254;12/29/2018, 6:00:00 AM;4
12/29/2018, 8:00:00 AM;276;12/29/2018, 8:00:00 AM;4
12/29/2018, 10:00:00 AM;267;12/29/2018, 10:00:00 AM;4
12/29/2018, 12:00:00 PM;248;12/29/2018, 12:00:00 PM;4.1
12/29/2018, 2:00:00 PM;280;12/29/2018, 2:00:00 PM;4
12/29/2018, 4:00:00 PM;279;12/29/2018, 4:00:00 PM;3.9
12/29/2018, 6:00:00 PM;265;12/29/2018, 6:00:00 PM;3.9
12/30/2018, 12:00:00 AM;291;12/30/2018, 12:00:00 AM;3.9
12/30/2018, 2:00:00 AM;235;12/30/2018, 2:00:00 AM;5.1
12/30/2018, 4:00:00 AM;272;12/30/2018, 4:00:00 AM;3.9
12/30/2018, 6:00:00 AM;290;12/30/2018, 6:00:00 AM;3.9
12/30/2018, 8:00:00 AM;264;12/30/2018, 8:00:00 AM;4.1
12/30/2018, 10:00:00 AM;282;12/30/2018, 10:00:00 AM;4
12/30/2018, 3:59:00 PM;286;12/30/2018, 3:59:00 PM;3.9
12/31/2018, 2:00:00 AM;266;12/31/2018, 2:00:00 AM;4.9
12/31/2018, 4:00:00 AM;272;12/31/2018, 4:00:00 AM;3.9
12/31/2018, 6:00:00 AM;298;12/31/2018, 6:00:00 AM;3.9
12/31/2018, 12:00:00 PM;293;12/31/2018, 12:00:00 PM;3.8
12/31/2018, 4:00:00 PM;294;12/31/2018, 4:00:00 PM;3.8
12/31/2018, 8:00:00 PM;284;12/31/2018, 8:00:00 PM;3.9
1/1/2019, 12:00:00 AM;293;1/1/2019, 12:00:00 AM;3.8
1/1/2019, 2:00:00 AM;245;1/1/2019, 2:00:00 AM;4.8
1/1/2019, 4:00:00 AM;277;1/1/2019, 4:00:00 AM;4
1/1/2019, 6:00:00 AM;292;1/1/2019, 6:00:00 AM;3.9
1/1/2019, 10:00:00 AM;284;1/1/2019, 10:00:00 AM;4
1/1/2019, 12:00:00 PM;287;1/1/2019, 12:00:00 PM;4
1/1/2019, 3:59:00 PM;311;1/1/2019, 3:59:00 PM;3.7
1/1/2019, 6:01:00 PM;287;1/1/2019, 6:01:00 PM;3.8
1/1/2019, 7:59:00 PM;287;1/1/2019, 7:59:00 PM;3.9
1/1/2019, 10:01:00 PM;303;1/1/2019, 10:01:00 PM;3.9
1/2/2019, 12:00:00 AM;288;1/2/2019, 12:00:00 AM;3.9
1/2/2019, 2:01:00 AM;285;1/2/2019, 2:01:00 AM;3.8
1/2/2019, 4:00:00 AM;273;1/2/2019, 4:00:00 AM;3.8
1/2/2019, 6:00:00 AM;286;1/2/2019, 6:00:00 AM;3.9
1/2/2019, 7:58:00 AM;284;1/2/2019, 7:58:00 AM;3.9
1/2/2019, 10:00:00 AM;271;1/2/2019, 10:00:00 AM;3.9
1/2/2019, 12:01:00 PM;286;1/2/2019, 12:01:00 PM;3.9
1/2/2019, 1:59:00 PM;286;1/2/2019, 1:59:00 PM;4
1/2/2019, 4:01:00 PM;273;1/2/2019, 4:01:00 PM;4
1/2/2019, 6:01:00 PM;287;1/2/2019, 6:01:00 PM;3.8
1/2/2019, 7:59:00 PM;286;1/2/2019, 7:59:00 PM;3.9
1/2/2019, 10:00:00 PM;273;1/2/2019, 10:00:00 PM;4
1/3/2019, 12:00:00 AM;287;1/3/2019, 12:00:00 AM;4
1/3/2019, 2:00:00 AM;247;1/3/2019, 2:00:00 AM;4.9
1/3/2019, 4:00:00 AM;280;1/3/2019, 4:00:00 AM;4
1/3/2019, 6:00:00 AM;289;1/3/2019, 6:00:00 AM;4
1/3/2019, 8:01:00 AM;293;1/3/2019, 8:01:00 AM;3.8
1/3/2019, 10:00:00 AM;281;1/3/2019, 10:00:00 AM;3.9
1/3/2019, 12:00:00 PM;282;1/3/2019, 12:00:00 PM;4.1
1/3/2019, 4:00:00 PM;286;1/3/2019, 4:00:00 PM;4.1
1/3/2019, 6:00:00 PM;282;1/3/2019, 6:00:00 PM;3.8
1/3/2019, 8:00:00 PM;270;1/3/2019, 8:00:00 PM;4
1/3/2019, 10:00:00 PM;287;1/3/2019, 10:00:00 PM;3.9
1/4/2019, 12:00:00 AM;289;1/4/2019, 12:00:00 AM;3.9
1/4/2019, 2:00:00 AM;276;1/4/2019, 2:00:00 AM;3.9
1/4/2019, 4:00:00 AM;288;1/4/2019, 4:00:00 AM;3.9
1/4/2019, 6:00:00 AM;290;1/4/2019, 6:00:00 AM;3.8
1/4/2019, 8:00:00 AM;280;1/4/2019, 8:00:00 AM;4
1/4/2019, 10:00:00 AM;285;1/4/2019, 10:00:00 AM;3.8
1/4/2019, 12:00:00 PM;291;1/4/2019, 12:00:00 PM;3.7
1/4/2019, 2:00:00 PM;278;1/4/2019, 2:00:00 PM;3.8
1/4/2019, 4:00:00 PM;284;1/4/2019, 4:00:00 PM;3.8
1/4/2019, 6:00:00 PM;290;1/4/2019, 6:00:00 PM;3.8
1/4/2019, 8:00:00 PM;279;1/4/2019, 8:00:00 PM;3.9
1/4/2019, 9:59:00 PM;279;1/4/2019, 9:59:00 PM;4
1/5/2019, 2:00:00 AM;247;1/5/2019, 2:00:00 AM;4.7
1/5/2019, 6:00:00 AM;281;1/5/2019, 6:00:00 AM;4
1/5/2019, 8:00:00 AM;281;1/5/2019, 8:00:00 AM;4
1/5/2019, 10:00:00 AM;257;1/5/2019, 10:00:00 AM;4
1/5/2019, 12:00:00 PM;279;1/5/2019, 12:00:00 PM;3.9
1/5/2019, 8:00:00 PM;286;1/5/2019, 8:00:00 PM;3.9
1/5/2019, 10:00:00 PM;284;1/5/2019, 10:00:00 PM;3.8
1/6/2019, 12:00:00 AM;263;1/6/2019, 12:00:00 AM;3.9
1/6/2019, 2:00:00 AM;344;1/6/2019, 2:00:00 AM;4.1
1/6/2019, 4:00:00 AM;237;1/6/2019, 4:00:00 AM;4.7
1/6/2019, 6:00:00 AM;268;1/6/2019, 6:00:00 AM;3.9
1/6/2019, 8:00:00 AM;284;1/6/2019, 8:00:00 AM;3.9
1/6/2019, 10:00:00 AM;344;1/6/2019, 10:00:00 AM;3.8
1/6/2019, 12:00:00 PM;284;1/6/2019, 12:00:00 PM;4.8
1/6/2019, 2:00:00 PM;234;1/6/2019, 2:00:00 PM;4.8
1/6/2019, 4:00:00 PM;297;1/6/2019, 4:00:00 PM;3.9
1/6/2019, 6:00:00 PM;273;1/6/2019, 6:00:00 PM;3.9
1/7/2019, 12:00:00 AM;283;1/7/2019, 12:00:00 AM;4
1/7/2019, 12:40:57 AM;275;1/7/2019, 12:40:57 AM;4
1/7/2019, 2:00:00 AM;201;1/7/2019, 2:00:00 AM;6.1
1/7/2019, 4:00:00 AM;278;1/7/2019, 4:00:00 AM;3.9
1/7/2019, 6:00:00 AM;294;1/7/2019, 6:00:00 AM;3.8
1/7/2019, 8:00:00 AM;272;1/7/2019, 8:00:00 AM;3.9
1/7/2019, 10:00:00 AM;278;1/7/2019, 10:00:00 AM;4
1/7/2019, 12:00:00 PM;283;1/7/2019, 12:00:00 PM;3.8
1/7/2019, 2:00:00 PM;263;1/7/2019, 2:00:00 PM;3.9
1/7/2019, 4:00:00 PM;280;1/7/2019, 4:00:00 PM;4
1/7/2019, 10:00:00 PM;284;1/7/2019, 10:00:00 PM;4
1/8/2019, 12:00:00 AM;294;1/8/2019, 12:00:00 AM;3.9
1/8/2019, 2:00:00 AM;305;1/8/2019, 2:00:00 AM;4.2
1/8/2019, 4:00:00 AM;236;1/8/2019, 4:00:00 AM;4.8
1/8/2019, 6:00:00 AM;273;1/8/2019, 6:00:00 AM;4
1/8/2019, 7:59:00 AM;284;1/8/2019, 7:59:00 AM;3.9
1/8/2019, 10:00:00 AM;287;1/8/2019, 10:00:00 AM;3.9
1/8/2019, 12:00:00 PM;269;1/8/2019, 12:00:00 PM;4
1/8/2019, 2:00:00 PM;274;1/8/2019, 2:00:00 PM;4.1
1/8/2019, 6:01:00 PM;295;1/8/2019, 6:01:00 PM;3.8
1/8/2019, 7:59:00 PM;227;1/8/2019, 7:59:00 PM;5.4
1/8/2019, 10:00:00 PM;266;1/8/2019, 10:00:00 PM;3.8
1/9/2019, 12:00:00 AM;289;1/9/2019, 12:00:00 AM;3.9
1/9/2019, 2:00:00 AM;294;1/9/2019, 2:00:00 AM;3.7
1/9/2019, 4:00:00 AM;285;1/9/2019, 4:00:00 AM;3.9
1/9/2019, 6:00:00 AM;282;1/9/2019, 6:00:00 AM;3.9
1/9/2019, 8:01:00 AM;263;1/9/2019, 8:01:00 AM;4
1/9/2019, 10:00:00 AM;283;1/9/2019, 10:00:00 AM;3.9
1/9/2019, 12:00:00 PM;274;1/9/2019, 12:00:00 PM;4.1
1/9/2019, 6:00:00 PM;290;1/9/2019, 6:00:00 PM;3.9
1/9/2019, 8:00:00 PM;285;1/9/2019, 8:00:00 PM;3.9
1/9/2019, 10:00:00 PM;237;1/9/2019, 10:00:00 PM;4
1/10/2019, 12:00:00 AM;288;1/10/2019, 12:00:00 AM;4
1/10/2019, 2:00:00 AM;253;1/10/2019, 2:00:00 AM;5
1/10/2019, 4:00:00 AM;277;1/10/2019, 4:00:00 AM;3.9
1/10/2019, 6:00:00 AM;286;1/10/2019, 6:00:00 AM;3.9
1/10/2019, 8:00:00 AM;272;1/10/2019, 8:00:00 AM;3.9
1/10/2019, 10:00:00 AM;284;1/10/2019, 10:00:00 AM;3.9
1/10/2019, 12:00:00 PM;288;1/10/2019, 12:00:00 PM;3.8
1/10/2019, 2:00:00 PM;274;1/10/2019, 2:00:00 PM;3.9
1/10/2019, 4:00:00 PM;283;1/10/2019, 4:00:00 PM;3.9
1/10/2019, 6:00:00 PM;281;1/10/2019, 6:00:00 PM;3.7
1/10/2019, 8:00:00 PM;290;1/10/2019, 8:00:00 PM;4.7
1/10/2019, 10:00:00 PM;260;1/10/2019, 10:00:00 PM;4.3
1/11/2019, 12:00:00 AM;296;1/11/2019, 12:00:00 AM;3.9
1/11/2019, 2:00:00 AM;243;1/11/2019, 2:00:00 AM;4.7
1/11/2019, 4:00:00 AM;276;1/11/2019, 4:00:00 AM;3.8
1/11/2019, 6:00:00 AM;278;1/11/2019, 6:00:00 AM;3.9
1/11/2019, 8:00:00 AM;289;1/11/2019, 8:00:00 AM;3.9
1/11/2019, 10:00:00 AM;277;1/11/2019, 10:00:00 AM;3.9
1/11/2019, 12:00:00 PM;250;1/11/2019, 12:00:00 PM;4.8
1/11/2019, 2:00:00 PM;252;1/11/2019, 2:00:00 PM;4.4
1/11/2019, 4:00:00 PM;293;1/11/2019, 4:00:00 PM;3.9
1/11/2019, 6:00:00 PM;269;1/11/2019, 6:00:00 PM;4
1/11/2019, 10:07:00 PM;295;1/11/2019, 10:07:00 PM;3.9
1/12/2019, 12:00:00 AM;274;1/12/2019, 12:00:00 AM;4
1/12/2019, 2:00:00 AM;250;1/12/2019, 2:00:00 AM;4.6
1/12/2019, 4:00:00 AM;299;1/12/2019, 4:00:00 AM;4
1/12/2019, 6:00:00 AM;285;1/12/2019, 6:00:00 AM;4.1
1/12/2019, 8:01:00 AM;271;1/12/2019, 8:01:00 AM;4
1/12/2019, 12:00:00 PM;276;1/12/2019, 12:00:00 PM;4
1/12/2019, 2:00:00 PM;333;1/12/2019, 2:00:00 PM;3.5
1/12/2019, 4:00:00 PM;284;1/12/2019, 4:00:00 PM;4.8
1/12/2019, 6:00:00 PM;177;1/12/2019, 6:00:00 PM;6.3
1/12/2019, 10:00:00 PM;304;1/12/2019, 10:00:00 PM;3.9
1/13/2019, 12:00:00 AM;285;1/13/2019, 12:00:00 AM;4
1/13/2019, 2:00:00 AM;254;1/13/2019, 2:00:00 AM;4.6
1/13/2019, 6:00:00 AM;284;1/13/2019, 6:00:00 AM;4
1/13/2019, 3:33:00 PM;287;1/13/2019, 3:33:00 PM;3.8
1/13/2019, 4:00:00 PM;269;1/13/2019, 4:00:00 PM;3.9
1/13/2019, 6:00:00 PM;287;1/13/2019, 6:00:00 PM;3.8
1/14/2019, 12:00:00 AM;291;1/14/2019, 12:00:00 AM;3.8
1/14/2019, 2:00:00 AM;330;1/14/2019, 2:00:00 AM;4.1
1/14/2019, 4:00:00 AM;233;1/14/2019, 4:00:00 AM;4.9
1/14/2019, 6:00:00 AM;263;1/14/2019, 6:00:00 AM;4
1/14/2019, 8:00:00 AM;292;1/14/2019, 8:00:00 AM;3.9
1/14/2019, 10:00:00 AM;279;1/14/2019, 10:00:00 AM;4
1/14/2019, 12:00:00 PM;268;1/14/2019, 12:00:00 PM;4.1
1/14/2019, 8:00:00 PM;301;1/14/2019, 8:00:00 PM;3.7
1/14/2019, 10:00:00 PM;298;1/14/2019, 10:00:00 PM;4.4
1/15/2019, 12:00:00 AM;244;1/15/2019, 12:00:00 AM;4.6
1/15/2019, 2:00:00 AM;298;1/15/2019, 2:00:00 AM;3.7
1/15/2019, 4:00:00 AM;281;1/15/2019, 4:00:00 AM;3.9
1/15/2019, 6:00:00 AM;283;1/15/2019, 6:00:00 AM;3.9
1/15/2019, 10:00:00 AM;280;1/15/2019, 10:00:00 AM;3.8
1/15/2019, 12:00:00 PM;284;1/15/2019, 12:00:00 PM;3.8
1/15/2019, 2:00:00 PM;295;1/15/2019, 2:00:00 PM;3.8
1/15/2019, 4:00:00 PM;277;1/15/2019, 4:00:00 PM;3.8
1/15/2019, 6:00:00 PM;281;1/15/2019, 6:00:00 PM;3.8
1/15/2019, 10:00:00 PM;282;1/15/2019, 10:00:00 PM;4
1/16/2019, 12:00:00 AM;298;1/16/2019, 12:00:00 AM;3.8
1/16/2019, 2:00:00 AM;232;1/16/2019, 2:00:00 AM;5.1
1/16/2019, 4:00:00 AM;273;1/16/2019, 4:00:00 AM;3.9
1/16/2019, 6:00:00 AM;287;1/16/2019, 6:00:00 AM;3.9
1/16/2019, 8:00:00 AM;300;1/16/2019, 8:00:00 AM;3.8
1/16/2019, 10:00:00 AM;277;1/16/2019, 10:00:00 AM;3.9
1/16/2019, 12:00:00 PM;278;1/16/2019, 12:00:00 PM;3.9
1/16/2019, 2:00:00 PM;280;1/16/2019, 2:00:00 PM;3.8
1/16/2019, 4:00:00 PM;309;1/16/2019, 4:00:00 PM;4.4
1/16/2019, 6:00:00 PM;238;1/16/2019, 6:00:00 PM;4.6
1/16/2019, 8:00:00 PM;293;1/16/2019, 8:00:00 PM;3.7
1/16/2019, 10:00:00 PM;281;1/16/2019, 10:00:00 PM;3.8
1/17/2019, 12:00:00 AM;281;1/17/2019, 12:00:00 AM;3.9
1/17/2019, 2:00:00 AM;212;1/17/2019, 2:00:00 AM;5.4
1/17/2019, 4:00:00 AM;273;1/17/2019, 4:00:00 AM;3.9
1/17/2019, 6:00:00 AM;287;1/17/2019, 6:00:00 AM;3.9
1/17/2019, 8:00:00 AM;263;1/17/2019, 8:00:00 AM;4
1/17/2019, 10:00:00 AM;279;1/17/2019, 10:00:00 AM;3.9
1/17/2019, 12:00:00 PM;283;1/17/2019, 12:00:00 PM;4
1/17/2019, 2:00:00 PM;267;1/17/2019, 2:00:00 PM;4
1/17/2019, 3:59:00 PM;276;1/17/2019, 3:59:00 PM;4
1/17/2019, 6:00:00 PM;297;1/17/2019, 6:00:00 PM;3.7
1/17/2019, 8:00:00 PM;280;1/17/2019, 8:00:00 PM;3.9
1/17/2019, 10:00:00 PM;285;1/17/2019, 10:00:00 PM;3.9
1/18/2019, 12:00:00 AM;274;1/18/2019, 12:00:00 AM;3.9
1/18/2019, 2:00:00 AM;272;1/18/2019, 2:00:00 AM;4.8
1/18/2019, 4:00:00 AM;268;1/18/2019, 4:00:00 AM;4.2
1/18/2019, 6:00:00 AM;287;1/18/2019, 6:00:00 AM;3.9
1/18/2019, 8:00:00 AM;275;1/18/2019, 8:00:00 AM;4
1/18/2019, 10:00:00 AM;282;1/18/2019, 10:00:00 AM;3.9
1/18/2019, 2:00:00 PM;269;1/18/2019, 2:00:00 PM;4.1
1/18/2019, 4:00:00 PM;280;1/18/2019, 4:00:00 PM;4
1/18/2019, 6:00:00 PM;240;1/18/2019, 6:00:00 PM;5.1
1/18/2019, 8:00:00 PM;265;1/18/2019, 8:00:00 PM;4
1/18/2019, 10:00:00 PM;280;1/18/2019, 10:00:00 PM;4
1/19/2019, 12:00:00 AM;266;1/19/2019, 12:00:00 AM;3.9
1/19/2019, 2:00:00 AM;282;1/19/2019, 2:00:00 AM;3.8
1/19/2019, 4:00:00 AM;284;1/19/2019, 4:00:00 AM;3.9
1/19/2019, 6:00:00 AM;271;1/19/2019, 6:00:00 AM;4
1/19/2019, 8:00:00 AM;275;1/19/2019, 8:00:00 AM;4
1/19/2019, 10:00:00 AM;284;1/19/2019, 10:00:00 AM;3.9
1/19/2019, 12:00:00 PM;268;1/19/2019, 12:00:00 PM;4
1/19/2019, 2:00:00 PM;280;1/19/2019, 2:00:00 PM;4.1
1/19/2019, 8:00:00 PM;288;1/19/2019, 8:00:00 PM;3.9
1/19/2019, 10:00:00 PM;274;1/19/2019, 10:00:00 PM;3.9
1/20/2019, 12:00:00 AM;287;1/20/2019, 12:00:00 AM;3.8
1/20/2019, 2:00:00 AM;288;1/20/2019, 2:00:00 AM;4.3
1/20/2019, 4:00:00 AM;240;1/20/2019, 4:00:00 AM;4.6
1/20/2019, 6:00:00 AM;274;1/20/2019, 6:00:00 AM;3.9
1/20/2019, 8:00:00 AM;274;1/20/2019, 8:00:00 AM;3.9
1/20/2019, 10:00:00 AM;280;1/20/2019, 10:00:00 AM;3.9
1/20/2019, 12:00:00 PM;265;1/20/2019, 12:00:00 PM;4.1
1/20/2019, 4:00:00 PM;295;1/20/2019, 4:00:00 PM;3.9
1/20/2019, 6:00:00 PM;275;1/20/2019, 6:00:00 PM;3.9
1/20/2019, 8:00:00 PM;289;1/20/2019, 8:00:00 PM;3.9
1/20/2019, 10:00:00 PM;297;1/20/2019, 10:00:00 PM;3.8
1/21/2019, 12:00:00 AM;277;1/21/2019, 12:00:00 AM;3.9
1/21/2019, 2:00:00 AM;244;1/21/2019, 2:00:00 AM;4.7
1/21/2019, 4:00:00 AM;269;1/21/2019, 4:00:00 AM;3.9
1/21/2019, 6:00:00 AM;278;1/21/2019, 6:00:00 AM;3.9
1/21/2019, 8:02:00 AM;281;1/21/2019, 8:02:00 AM;3.8
1/21/2019, 10:00:00 AM;268;1/21/2019, 10:00:00 AM;3.8
1/21/2019, 12:00:00 PM;280;1/21/2019, 12:00:00 PM;4
1/21/2019, 6:00:00 PM;267;1/21/2019, 6:00:00 PM;4
1/21/2019, 8:00:00 PM;282;1/21/2019, 8:00:00 PM;3.8
1/21/2019, 10:00:00 PM;266;1/21/2019, 10:00:00 PM;4
1/22/2019, 12:00:00 AM;272;1/22/2019, 12:00:00 AM;3.9
1/22/2019, 2:00:00 AM;229;1/22/2019, 2:00:00 AM;5
1/22/2019, 3:59:00 AM;262;1/22/2019, 3:59:00 AM;3.9
1/22/2019, 6:01:00 AM;278;1/22/2019, 6:01:00 AM;3.9
1/22/2019, 7:58:00 AM;273;1/22/2019, 7:58:00 AM;3.9
1/22/2019, 10:00:00 AM;264;1/22/2019, 10:00:00 AM;3.9
1/22/2019, 12:00:00 PM;272;1/22/2019, 12:00:00 PM;3.9
1/22/2019, 2:01:00 PM;258;1/22/2019, 2:01:00 PM;3.9
1/22/2019, 3:59:00 PM;271;1/22/2019, 3:59:00 PM;3.8
1/22/2019, 6:00:00 PM;276;1/22/2019, 6:00:00 PM;3.8
1/22/2019, 8:00:00 PM;258;1/22/2019, 8:00:00 PM;3.9
1/22/2019, 10:00:00 PM;267;1/22/2019, 10:00:00 PM;3.9
1/23/2019, 12:00:00 AM;279;1/23/2019, 12:00:00 AM;3.9
1/23/2019, 2:00:00 AM;221;1/23/2019, 2:00:00 AM;5
1/23/2019, 4:00:00 AM;261;1/23/2019, 4:00:00 AM;3.9
1/23/2019, 6:00:00 AM;268;1/23/2019, 6:00:00 AM;3.9
1/23/2019, 8:00:00 AM;272;1/23/2019, 8:00:00 AM;3.8
1/23/2019, 10:00:00 AM;268;1/23/2019, 10:00:00 AM;3.9
1/23/2019, 12:00:00 PM;271;1/23/2019, 12:00:00 PM;3.9
1/23/2019, 2:00:00 PM;266;1/23/2019, 2:00:00 PM;3.9
1/23/2019, 4:00:00 PM;271;1/23/2019, 4:00:00 PM;3.9
1/23/2019, 6:00:00 PM;374;1/23/2019, 6:00:00 PM;3.6
1/23/2019, 8:00:00 PM;263;1/23/2019, 8:00:00 PM;4.9
1/23/2019, 10:00:00 PM;258;1/23/2019, 10:00:00 PM;4
1/24/2019, 12:00:00 AM;286;1/24/2019, 12:00:00 AM;3.8
1/24/2019, 2:00:00 AM;253;1/24/2019, 2:00:00 AM;4.4
1/24/2019, 4:00:00 AM;272;1/24/2019, 4:00:00 AM;3.9
1/24/2019, 6:00:00 AM;271;1/24/2019, 6:00:00 AM;3.9
1/24/2019, 8:00:00 AM;275;1/24/2019, 8:00:00 AM;3.9
1/24/2019, 10:00:00 AM;261;1/24/2019, 10:00:00 AM;3.9
1/24/2019, 12:00:00 PM;271;1/24/2019, 12:00:00 PM;3.9
1/24/2019, 2:00:00 PM;276;1/24/2019, 2:00:00 PM;4
1/24/2019, 4:00:00 PM;257;1/24/2019, 4:00:00 PM;3.9
1/24/2019, 6:00:00 PM;298;1/24/2019, 6:00:00 PM;3.8
1/24/2019, 8:00:00 PM;220;1/24/2019, 8:00:00 PM;5.2
1/24/2019, 10:00:00 PM;263;1/24/2019, 10:00:00 PM;3.8
1/25/2019, 12:00:00 AM;274;1/25/2019, 12:00:00 AM;3.9
1/25/2019, 2:00:00 AM;260;1/25/2019, 2:00:00 AM;3.9
1/25/2019, 4:00:00 AM;265;1/25/2019, 4:00:00 AM;3.9
1/25/2019, 6:00:00 AM;274;1/25/2019, 6:00:00 AM;3.9
1/25/2019, 8:00:00 AM;254;1/25/2019, 8:00:00 AM;4
1/25/2019, 10:01:00 AM;261;1/25/2019, 10:01:00 AM;3.8
1/25/2019, 11:59:00 AM;286;1/25/2019, 11:59:00 AM;3.8
1/25/2019, 2:00:00 PM;272;1/25/2019, 2:00:00 PM;3.8
1/25/2019, 4:00:00 PM;274;1/25/2019, 4:00:00 PM;3.8
1/25/2019, 6:00:00 PM;292;1/25/2019, 6:00:00 PM;3.7
1/25/2019, 8:00:00 PM;277;1/25/2019, 8:00:00 PM;3.8
1/25/2019, 10:00:00 PM;277;1/25/2019, 10:00:00 PM;3.9
1/26/2019, 12:00:00 AM;291;1/26/2019, 12:00:00 AM;3.6
1/26/2019, 2:00:00 AM;297;1/26/2019, 2:00:00 AM;4.3
1/26/2019, 4:00:00 AM;240;1/26/2019, 4:00:00 AM;4.6
1/26/2019, 6:00:00 AM;272;1/26/2019, 6:00:00 AM;3.9
1/26/2019, 7:59:00 AM;270;1/26/2019, 7:59:00 AM;4
1/26/2019, 10:03:00 AM;282;1/26/2019, 10:03:00 AM;3.9
1/26/2019, 12:00:00 PM;269;1/26/2019, 12:00:00 PM;3.9
1/26/2019, 2:00:00 PM;276;1/26/2019, 2:00:00 PM;4
1/26/2019, 6:00:00 PM;285;1/26/2019, 6:00:00 PM;3.8
1/26/2019, 7:59:00 PM;275;1/26/2019, 7:59:00 PM;4
1/27/2019, 12:01:00 AM;286;1/27/2019, 12:01:00 AM;3.9
1/27/2019, 1:59:00 AM;319;1/27/2019, 1:59:00 AM;4
1/27/2019, 4:00:00 AM;224;1/27/2019, 4:00:00 AM;5
1/27/2019, 6:00:00 AM;272;1/27/2019, 6:00:00 AM;4
1/27/2019, 8:00:00 AM;281;1/27/2019, 8:00:00 AM;4
1/27/2019, 12:00:00 PM;284;1/27/2019, 12:00:00 PM;4.1
1/27/2019, 8:00:00 PM;294;1/27/2019, 8:00:00 PM;3.9
1/27/2019, 10:00:00 PM;254;1/27/2019, 10:00:00 PM;3.9
1/28/2019, 12:00:00 AM;295;1/28/2019, 12:00:00 AM;3.9
1/28/2019, 2:00:00 AM;279;1/28/2019, 2:00:00 AM;4.7
1/28/2019, 4:00:00 AM;264;1/28/2019, 4:00:00 AM;4.3
1/28/2019, 6:00:00 AM;299;1/28/2019, 6:00:00 AM;3.9
1/28/2019, 8:00:00 AM;280;1/28/2019, 8:00:00 AM;4
1/28/2019, 10:00:00 AM;288;1/28/2019, 10:00:00 AM;3.9
1/28/2019, 12:00:00 PM;297;1/28/2019, 12:00:00 PM;3.9
1/28/2019, 2:00:00 PM;275;1/28/2019, 2:00:00 PM;3.9
1/28/2019, 6:00:00 PM;289;1/28/2019, 6:00:00 PM;3.8
1/28/2019, 10:00:00 PM;285;1/28/2019, 10:00:00 PM;3.9
1/29/2019, 12:00:00 AM;289;1/29/2019, 12:00:00 AM;3.9
1/29/2019, 2:00:00 AM;327;1/29/2019, 2:00:00 AM;3.9
1/29/2019, 4:00:00 AM;224;1/29/2019, 4:00:00 AM;5
1/29/2019, 5:59:00 AM;278;1/29/2019, 5:59:00 AM;3.9
1/29/2019, 8:00:00 AM;282;1/29/2019, 8:00:00 AM;3.8
1/29/2019, 10:02:00 AM;354;1/29/2019, 10:02:00 AM;4
1/29/2019, 11:58:00 AM;229;1/29/2019, 11:58:00 AM;5.1
1/29/2019, 2:00:00 PM;264;1/29/2019, 2:00:00 PM;4.1
1/29/2019, 4:00:00 PM;276;1/29/2019, 4:00:00 PM;4
1/29/2019, 6:02:00 PM;283;1/29/2019, 6:02:00 PM;3.9
1/29/2019, 8:00:00 PM;269;1/29/2019, 8:00:00 PM;4
1/29/2019, 10:00:00 PM;282;1/29/2019, 10:00:00 PM;4
1/30/2019, 12:00:00 AM;282;1/30/2019, 12:00:00 AM;3.9
1/30/2019, 2:00:00 AM;235;1/30/2019, 2:00:00 AM;5
1/30/2019, 4:00:00 AM;272;1/30/2019, 4:00:00 AM;3.8
1/30/2019, 5:58:00 AM;280;1/30/2019, 5:58:00 AM;3.9
1/30/2019, 8:00:00 AM;268;1/30/2019, 8:00:00 AM;4
1/30/2019, 10:00:00 AM;276;1/30/2019, 10:00:00 AM;3.9
1/30/2019, 12:00:00 PM;287;1/30/2019, 12:00:00 PM;3.9
1/30/2019, 2:00:00 PM;331;1/30/2019, 2:00:00 PM;3.7
1/30/2019, 4:00:00 PM;275;1/30/2019, 4:00:00 PM;4.7
1/30/2019, 6:00:00 PM;249;1/30/2019, 6:00:00 PM;4.4
1/30/2019, 8:00:00 PM;299;1/30/2019, 8:00:00 PM;3.9
1/30/2019, 10:00:00 PM;274;1/30/2019, 10:00:00 PM;3.9
1/31/2019, 12:00:00 AM;283;1/31/2019, 12:00:00 AM;3.9
1/31/2019, 2:00:00 AM;289;1/31/2019, 2:00:00 AM;3.8
1/31/2019, 4:00:00 AM;274;1/31/2019, 4:00:00 AM;3.8
1/31/2019, 6:00:00 AM;283;1/31/2019, 6:00:00 AM;3.9
1/31/2019, 8:00:00 AM;293;1/31/2019, 8:00:00 AM;3.8
1/31/2019, 10:00:00 AM;273;1/31/2019, 10:00:00 AM;3.8
1/31/2019, 12:00:00 PM;278;1/31/2019, 12:00:00 PM;3.9
1/31/2019, 2:00:00 PM;294;1/31/2019, 2:00:00 PM;3.8
1/31/2019, 4:00:00 PM;274;1/31/2019, 4:00:00 PM;3.8
1/31/2019, 6:00:00 PM;281;1/31/2019, 6:00:00 PM;3.8
1/31/2019, 8:00:00 PM;284;1/31/2019, 8:00:00 PM;3.8
1/31/2019, 10:00:00 PM;275;1/31/2019, 10:00:00 PM;3.8
2/1/2019, 12:00:00 AM;284;2/1/2019, 12:00:00 AM;3.8
2/1/2019, 2:00:00 AM;227;2/1/2019, 2:00:00 AM;5.1
2/1/2019, 4:00:00 AM;275;2/1/2019, 4:00:00 AM;3.8
2/1/2019, 6:00:00 AM;284;2/1/2019, 6:00:00 AM;3.8
2/1/2019, 8:00:00 AM;270;2/1/2019, 8:00:00 AM;3.9
2/1/2019, 10:00:00 AM;279;2/1/2019, 10:00:00 AM;3.8
2/1/2019, 12:00:00 PM;281;2/1/2019, 12:00:00 PM;3.9
2/1/2019, 2:00:00 PM;267;2/1/2019, 2:00:00 PM;4
2/1/2019, 4:00:00 PM;283;2/1/2019, 4:00:00 PM;4
2/1/2019, 6:00:00 PM;283;2/1/2019, 6:00:00 PM;3.7
2/1/2019, 8:00:00 PM;268;2/1/2019, 8:00:00 PM;3.9
2/1/2019, 10:00:00 PM;281;2/1/2019, 10:00:00 PM;3.8
2/2/2019, 12:00:00 AM;282;2/2/2019, 12:00:00 AM;3.7
2/2/2019, 2:00:00 AM;262;2/2/2019, 2:00:00 AM;4.6
2/2/2019, 4:00:00 AM;248;2/2/2019, 4:00:00 AM;4.4
2/2/2019, 6:00:00 AM;291;2/2/2019, 6:00:00 AM;3.8
2/2/2019, 8:00:00 AM;274;2/2/2019, 8:00:00 AM;4
2/2/2019, 10:00:00 AM;276;2/2/2019, 10:00:00 AM;3.8
2/2/2019, 12:00:00 PM;297;2/2/2019, 12:00:00 PM;3.8
2/2/2019, 2:00:00 PM;271;2/2/2019, 2:00:00 PM;4.1
2/2/2019, 4:00:00 PM;269;2/2/2019, 4:00:00 PM;4
2/2/2019, 8:00:00 PM;268;2/2/2019, 8:00:00 PM;4.1
2/2/2019, 10:00:00 PM;270;2/2/2019, 10:00:00 PM;4.1
2/3/2019, 12:00:00 AM;268;2/3/2019, 12:00:00 AM;4
2/3/2019, 2:00:00 AM;334;2/3/2019, 2:00:00 AM;4
2/3/2019, 4:00:00 AM;229;2/3/2019, 4:00:00 AM;4.9
2/3/2019, 6:00:00 AM;272;2/3/2019, 6:00:00 AM;3.9
2/3/2019, 8:00:00 AM;276;2/3/2019, 8:00:00 AM;4
2/3/2019, 10:00:00 AM;277;2/3/2019, 10:00:00 AM;4.1
2/3/2019, 12:00:00 PM;261;2/3/2019, 12:00:00 PM;4.3
2/3/2019, 6:00:00 PM;427;2/3/2019, 6:00:00 PM;3.9
2/3/2019, 8:00:00 PM;224;2/3/2019, 8:00:00 PM;5.4
2/3/2019, 10:00:00 PM;283;2/3/2019, 10:00:00 PM;3.9
2/4/2019, 12:00:00 AM;272;2/4/2019, 12:00:00 AM;4
2/4/2019, 2:00:00 AM;289;2/4/2019, 2:00:00 AM;3.9
2/4/2019, 4:00:00 AM;281;2/4/2019, 4:00:00 AM;3.9
2/4/2019, 6:00:00 AM;270;2/4/2019, 6:00:00 AM;3.9
2/4/2019, 8:00:00 AM;280;2/4/2019, 8:00:00 AM;3.9
2/4/2019, 10:00:00 AM;281;2/4/2019, 10:00:00 AM;3.9
2/4/2019, 12:00:00 PM;270;2/4/2019, 12:00:00 PM;3.9
2/4/2019, 2:00:00 PM;283;2/4/2019, 2:00:00 PM;3.9
2/4/2019, 4:00:00 PM;286;2/4/2019, 4:00:00 PM;3.9
2/4/2019, 6:00:00 PM;269;2/4/2019, 6:00:00 PM;3.9
2/4/2019, 8:00:00 PM;275;2/4/2019, 8:00:00 PM;3.9
2/4/2019, 10:00:00 PM;291;2/4/2019, 10:00:00 PM;3.9
2/5/2019, 12:00:00 AM;275;2/5/2019, 12:00:00 AM;4
2/5/2019, 2:00:00 AM;236;2/5/2019, 2:00:00 AM;5
2/5/2019, 4:00:00 AM;271;2/5/2019, 4:00:00 AM;3.9
2/5/2019, 6:00:00 AM;286;2/5/2019, 6:00:00 AM;3.9
2/5/2019, 8:01:00 AM;292;2/5/2019, 8:01:00 AM;3.8
2/5/2019, 10:00:00 AM;279;2/5/2019, 10:00:00 AM;3.9
2/5/2019, 11:59:00 AM;284;2/5/2019, 11:59:00 AM;3.9
2/5/2019, 3:59:00 PM;277;2/5/2019, 3:59:00 PM;4
2/5/2019, 7:59:00 PM;285;2/5/2019, 7:59:00 PM;4
2/5/2019, 10:00:00 PM;288;2/5/2019, 10:00:00 PM;4
2/6/2019, 12:01:00 AM;274;2/6/2019, 12:01:00 AM;4
2/6/2019, 1:59:00 AM;252;2/6/2019, 1:59:00 AM;5.1
2/6/2019, 4:00:00 AM;272;2/6/2019, 4:00:00 AM;3.9
2/6/2019, 6:01:00 AM;288;2/6/2019, 6:01:00 AM;3.9
2/6/2019, 7:59:00 AM;261;2/6/2019, 7:59:00 AM;4
2/6/2019, 10:00:00 AM;279;2/6/2019, 10:00:00 AM;3.9
2/6/2019, 12:00:00 PM;284;2/6/2019, 12:00:00 PM;3.9
2/6/2019, 2:00:00 PM;267;2/6/2019, 2:00:00 PM;4
2/6/2019, 4:00:00 PM;275;2/6/2019, 4:00:00 PM;4
2/6/2019, 6:00:00 PM;356;2/6/2019, 6:00:00 PM;3.6
2/6/2019, 8:00:00 PM;297;2/6/2019, 8:00:00 PM;4.6
2/6/2019, 10:00:00 PM;213;2/6/2019, 10:00:00 PM;5.5
2/7/2019, 12:00:00 AM;278;2/7/2019, 12:00:00 AM;3.9
2/7/2019, 2:00:00 AM;248;2/7/2019, 2:00:00 AM;4.6
2/7/2019, 6:00:00 AM;283;2/7/2019, 6:00:00 AM;4
2/7/2019, 8:00:00 AM;294;2/7/2019, 8:00:00 AM;3.9
2/7/2019, 10:00:00 AM;267;2/7/2019, 10:00:00 AM;4
2/7/2019, 12:00:00 PM;282;2/7/2019, 12:00:00 PM;4.1
2/7/2019, 6:00:00 PM;441;2/7/2019, 6:00:00 PM;3.6
2/7/2019, 8:00:00 PM;325;2/7/2019, 8:00:00 PM;4.7
2/7/2019, 10:00:00 PM;248;2/7/2019, 10:00:00 PM;4.5
2/8/2019, 12:00:00 AM;297;2/8/2019, 12:00:00 AM;4
2/8/2019, 2:00:00 AM;279;2/8/2019, 2:00:00 AM;4
2/8/2019, 4:00:00 AM;287;2/8/2019, 4:00:00 AM;4
2/8/2019, 6:00:00 AM;293;2/8/2019, 6:00:00 AM;3.8
2/8/2019, 8:00:00 AM;273;2/8/2019, 8:00:00 AM;4
2/8/2019, 10:00:00 AM;280;2/8/2019, 10:00:00 AM;4
2/8/2019, 2:00:00 PM;275;2/8/2019, 2:00:00 PM;4
2/8/2019, 4:00:00 PM;278;2/8/2019, 4:00:00 PM;4
2/8/2019, 8:00:00 PM;273;2/8/2019, 8:00:00 PM;4
2/8/2019, 10:00:00 PM;282;2/8/2019, 10:00:00 PM;4.1
2/9/2019, 12:00:00 AM;250;2/9/2019, 12:00:00 AM;4.1
2/9/2019, 2:00:00 AM;363;2/9/2019, 2:00:00 AM;4
2/9/2019, 4:00:00 AM;231;2/9/2019, 4:00:00 AM;4.9
2/9/2019, 6:00:00 AM;278;2/9/2019, 6:00:00 AM;3.9
2/9/2019, 8:00:00 AM;284;2/9/2019, 8:00:00 AM;4.1
2/9/2019, 10:00:00 AM;290;2/9/2019, 10:00:00 AM;4.2
2/9/2019, 12:00:00 PM;276;2/9/2019, 12:00:00 PM;4.2
2/9/2019, 8:00:00 PM;291;2/9/2019, 8:00:00 PM;4
2/9/2019, 10:00:00 PM;296;2/9/2019, 10:00:00 PM;3.7
2/10/2019, 12:00:00 AM;288;2/10/2019, 12:00:00 AM;4
2/10/2019, 2:00:00 AM;247;2/10/2019, 2:00:00 AM;4.7
2/10/2019, 4:00:00 AM;277;2/10/2019, 4:00:00 AM;3.9
2/10/2019, 6:00:00 AM;287;2/10/2019, 6:00:00 AM;3.9
2/10/2019, 8:00:00 AM;287;2/10/2019, 8:00:00 AM;4
2/10/2019, 10:00:00 AM;268;2/10/2019, 10:00:00 AM;4.1
2/10/2019, 2:00:00 PM;299;2/10/2019, 2:00:00 PM;4
2/10/2019, 4:00:00 PM;280;2/10/2019, 4:00:00 PM;4
2/10/2019, 6:00:00 PM;303;2/10/2019, 6:00:00 PM;3.9
2/10/2019, 8:00:00 PM;274;2/10/2019, 8:00:00 PM;4
2/10/2019, 10:00:00 PM;281;2/10/2019, 10:00:00 PM;4
2/11/2019, 12:00:00 AM;294;2/11/2019, 12:00:00 AM;3.9
2/11/2019, 2:00:00 AM;268;2/11/2019, 2:00:00 AM;4.4
2/11/2019, 4:00:00 AM;297;2/11/2019, 4:00:00 AM;3.5
2/11/2019, 6:00:00 AM;295;2/11/2019, 6:00:00 AM;3.9
2/11/2019, 8:00:00 AM;278;2/11/2019, 8:00:00 AM;4
2/11/2019, 12:00:00 PM;273;2/11/2019, 12:00:00 PM;4.1
2/11/2019, 4:00:00 PM;296;2/11/2019, 4:00:00 PM;4.1
2/11/2019, 8:00:00 PM;367;2/11/2019, 8:00:00 PM;3.5
2/11/2019, 10:00:00 PM;359;2/11/2019, 10:00:00 PM;4.4
2/12/2019, 12:00:00 AM;248;2/12/2019, 12:00:00 AM;4.7
2/12/2019, 2:00:00 AM;280;2/12/2019, 2:00:00 AM;4
2/12/2019, 4:00:00 AM;285;2/12/2019, 4:00:00 AM;3.9
2/12/2019, 5:59:00 AM;288;2/12/2019, 5:59:00 AM;3.9
2/12/2019, 8:01:00 AM;274;2/12/2019, 8:01:00 AM;4
2/12/2019, 11:00:00 AM;284;2/12/2019, 11:00:00 AM;3.9
2/12/2019, 2:00:00 PM;282;2/12/2019, 2:00:00 PM;4.2
2/12/2019, 4:00:00 PM;270;2/12/2019, 4:00:00 PM;4.2
2/12/2019, 6:00:00 PM;277;2/12/2019, 6:00:00 PM;4
2/12/2019, 8:00:00 PM;292;2/12/2019, 8:00:00 PM;4
2/12/2019, 10:00:00 PM;276;2/12/2019, 10:00:00 PM;4
2/12/2019, 11:00:00 PM;279;2/12/2019, 11:00:00 PM;4
2/13/2019, 2:00:00 AM;262;2/13/2019, 2:00:00 AM;5
2/13/2019, 4:00:00 AM;274;2/13/2019, 4:00:00 AM;3.9
2/13/2019, 6:00:00 AM;297;2/13/2019, 6:00:00 AM;3.9
2/13/2019, 8:01:00 AM;278;2/13/2019, 8:01:00 AM;4
2/13/2019, 10:00:00 AM;283;2/13/2019, 10:00:00 AM;3.9
2/13/2019, 1:30:00 PM;302;2/13/2019, 1:30:00 PM;3.9
2/13/2019, 2:00:00 PM;279;2/13/2019, 2:00:00 PM;4
2/13/2019, 4:00:00 PM;281;2/13/2019, 4:00:00 PM;4.1
2/13/2019, 10:01:00 PM;286;2/13/2019, 10:01:00 PM;4
2/14/2019, 2:01:00 AM;268;2/14/2019, 2:01:00 AM;5
2/14/2019, 4:00:00 AM;282;2/14/2019, 4:00:00 AM;3.9
2/14/2019, 6:00:00 AM;294;2/14/2019, 6:00:00 AM;3.8
2/14/2019, 7:58:00 AM;275;2/14/2019, 7:58:00 AM;3.9
2/14/2019, 10:01:00 AM;286;2/14/2019, 10:01:00 AM;3.9
2/14/2019, 12:00:00 PM;279;2/14/2019, 12:00:00 PM;4.2
2/14/2019, 2:00:00 PM;285;2/14/2019, 2:00:00 PM;4.3
2/14/2019, 3:59:00 PM;265;2/14/2019, 3:59:00 PM;4.2
2/14/2019, 6:01:00 PM;283;2/14/2019, 6:01:00 PM;4
2/14/2019, 8:00:00 PM;300;2/14/2019, 8:00:00 PM;3.9
2/14/2019, 10:00:00 PM;275;2/14/2019, 10:00:00 PM;4.1
2/14/2019, 11:59:00 PM;276;2/14/2019, 11:59:00 PM;4.1
2/15/2019, 2:01:00 AM;231;2/15/2019, 2:01:00 AM;5.1
2/15/2019, 4:00:00 AM;263;2/15/2019, 4:00:00 AM;4
2/15/2019, 6:00:00 AM;295;2/15/2019, 6:00:00 AM;4
2/15/2019, 8:00:00 AM;297;2/15/2019, 8:00:00 AM;3.8
2/15/2019, 10:00:00 AM;274;2/15/2019, 10:00:00 AM;4
2/15/2019, 6:00:00 PM;292;2/15/2019, 6:00:00 PM;3.9
2/16/2019, 12:00:00 AM;290;2/16/2019, 12:00:00 AM;4
2/16/2019, 2:00:00 AM;253;2/16/2019, 2:00:00 AM;5
2/16/2019, 4:00:00 AM;273;2/16/2019, 4:00:00 AM;3.9
2/16/2019, 6:00:00 AM;297;2/16/2019, 6:00:00 AM;4
2/16/2019, 8:00:00 AM;221;2/16/2019, 8:00:00 AM;4
2/16/2019, 10:00:00 AM;307;2/16/2019, 10:00:00 AM;4.2
2/16/2019, 12:00:00 PM;287;2/16/2019, 12:00:00 PM;4.3
2/16/2019, 2:00:00 PM;307;2/16/2019, 2:00:00 PM;4.1
2/16/2019, 4:00:00 PM;283;2/16/2019, 4:00:00 PM;4.2
2/16/2019, 5:58:00 PM;282;2/16/2019, 5:58:00 PM;4
2/16/2019, 8:02:00 PM;264;2/16/2019, 8:02:00 PM;4.1
2/16/2019, 10:00:00 PM;282;2/16/2019, 10:00:00 PM;4.1
2/17/2019, 12:00:00 AM;290;2/17/2019, 12:00:00 AM;3.9
2/17/2019, 2:00:00 AM;281;2/17/2019, 2:00:00 AM;4.6
2/17/2019, 4:00:00 AM;250;2/17/2019, 4:00:00 AM;4.6
2/17/2019, 6:00:00 AM;299;2/17/2019, 6:00:00 AM;3.8
2/17/2019, 8:00:00 AM;280;2/17/2019, 8:00:00 AM;4
2/17/2019, 10:00:00 AM;279;2/17/2019, 10:00:00 AM;4.2
2/17/2019, 4:00:00 PM;293;2/17/2019, 4:00:00 PM;5
2/17/2019, 7:24:00 PM;286;2/17/2019, 7:24:00 PM;3.9
2/17/2019, 8:00:00 PM;270;2/17/2019, 8:00:00 PM;4
2/18/2019, 12:00:00 AM;295;2/18/2019, 12:00:00 AM;4
2/18/2019, 2:00:00 AM;242;2/18/2019, 2:00:00 AM;4.9
2/18/2019, 4:00:00 AM;264;2/18/2019, 4:00:00 AM;4.1
2/18/2019, 6:00:00 AM;289;2/18/2019, 6:00:00 AM;3.9
2/18/2019, 10:00:00 AM;298;2/18/2019, 10:00:00 AM;3.8
2/18/2019, 12:00:00 PM;298;2/18/2019, 12:00:00 PM;4.1
2/18/2019, 6:00:00 PM;301;2/18/2019, 6:00:00 PM;3.5
2/18/2019, 10:44:00 PM;208;2/18/2019, 10:44:00 PM;5.3
2/19/2019, 12:00:00 AM;261;2/19/2019, 12:00:00 AM;4.4
2/19/2019, 2:00:00 AM;268;2/19/2019, 2:00:00 AM;4.1
2/19/2019, 3:25:37 AM;274;2/19/2019, 3:25:37 AM;5
2/19/2019, 3:47:54 AM;274;2/19/2019, 3:47:54 AM;5
2/19/2019, 3:59:00 AM;298;2/19/2019, 3:59:00 AM;3.9
2/19/2019, 4:39:36 AM;401;2/19/2019, 4:39:36 AM;3.8
2/19/2019, 5:02:04 AM;401;2/19/2019, 5:02:04 AM;3.8
2/19/2019, 10:00:00 AM;301;2/19/2019, 10:00:00 AM;4
2/19/2019, 12:00:00 PM;293;2/19/2019, 12:00:00 PM;4
2/19/2019, 2:00:00 PM;289;2/19/2019, 2:00:00 PM;4
2/20/2019, 10:02:00 PM;284;2/20/2019, 10:02:00 PM;3.9
2/21/2019, 12:00:00 AM;288;2/21/2019, 12:00:00 AM;4
2/21/2019, 1:58:00 AM;285;2/21/2019, 1:58:00 AM;4.5
2/21/2019, 4:00:00 AM;237;2/21/2019, 4:00:00 AM;4.8
2/21/2019, 6:02:00 AM;302;2/21/2019, 6:02:00 AM;3.9
2/21/2019, 7:58:00 AM;279;2/21/2019, 7:58:00 AM;4.1
2/21/2019, 10:00:00 AM;287;2/21/2019, 10:00:00 AM;4
2/21/2019, 2:36:00 PM;287;2/21/2019, 2:36:00 PM;3.8
2/22/2019, 12:00:00 AM;310;2/22/2019, 12:00:00 AM;4
2/22/2019, 2:00:00 AM;239;2/22/2019, 2:00:00 AM;5.1
2/22/2019, 4:00:00 AM;284;2/22/2019, 4:00:00 AM;3.9
2/22/2019, 6:00:00 AM;282;2/22/2019, 6:00:00 AM;4.1
2/22/2019, 10:01:00 PM;301;2/22/2019, 10:01:00 PM;4
2/22/2019, 11:59:00 PM;299;2/22/2019, 11:59:00 PM;3.8
2/23/2019, 2:00:00 AM;379;2/23/2019, 2:00:00 AM;4.2
2/23/2019, 4:01:00 AM;242;2/23/2019, 4:01:00 AM;4.8
2/23/2019, 6:00:00 AM;279;2/23/2019, 6:00:00 AM;4
2/23/2019, 8:00:00 AM;293;2/23/2019, 8:00:00 AM;4
2/23/2019, 10:00:00 AM;291;2/23/2019, 10:00:00 AM;4.1
2/23/2019, 12:00:00 PM;278;2/23/2019, 12:00:00 PM;4.3
2/23/2019, 2:00:00 PM;285;2/23/2019, 2:00:00 PM;4.2
2/23/2019, 6:00:00 PM;293;2/23/2019, 6:00:00 PM;4
2/24/2019, 12:00:00 AM;296;2/24/2019, 12:00:00 AM;4
2/24/2019, 2:00:00 AM;249;2/24/2019, 2:00:00 AM;5
2/24/2019, 4:00:00 AM;282;2/24/2019, 4:00:00 AM;4
2/24/2019, 6:00:00 AM;289;2/24/2019, 6:00:00 AM;3.9
2/24/2019, 8:00:00 AM;297;2/24/2019, 8:00:00 AM;3.9
2/24/2019, 10:00:00 AM;284;2/24/2019, 10:00:00 AM;4
2/24/2019, 4:00:00 PM;296;2/24/2019, 4:00:00 PM;4.3
2/25/2019, 12:00:00 AM;301;2/25/2019, 12:00:00 AM;4
2/25/2019, 2:00:00 AM;211;2/25/2019, 2:00:00 AM;5.6
2/25/2019, 4:00:00 AM;282;2/25/2019, 4:00:00 AM;4
2/25/2019, 6:00:00 AM;300;2/25/2019, 6:00:00 AM;4
2/25/2019, 8:00:00 AM;276;2/25/2019, 8:00:00 AM;4
2/25/2019, 10:00:00 AM;292;2/25/2019, 10:00:00 AM;4
2/25/2019, 6:00:00 PM;405;2/25/2019, 6:00:00 PM;4.2
2/25/2019, 8:00:00 PM;198;2/25/2019, 8:00:00 PM;5.8
2/26/2019, 2:00:00 AM;301;2/26/2019, 2:00:00 AM;3.9
2/26/2019, 6:00:00 AM;297;2/26/2019, 6:00:00 AM;4.1
2/26/2019, 12:00:00 PM;304;2/26/2019, 12:00:00 PM;4.3
2/27/2019, 2:00:00 AM;254;2/27/2019, 2:00:00 AM;5.3
2/27/2019, 4:00:00 AM;297;2/27/2019, 4:00:00 AM;3.9
2/27/2019, 12:00:00 PM;415;2/27/2019, 12:00:00 PM;4.5
2/27/2019, 2:00:00 PM;198;2/27/2019, 2:00:00 PM;5.9
2/28/2019, 2:00:00 AM;308;2/28/2019, 2:00:00 AM;5
2/28/2019, 4:00:00 AM;287;2/28/2019, 4:00:00 AM;4
2/28/2019, 10:00:00 AM;310;2/28/2019, 10:00:00 AM;4
2/28/2019, 12:00:00 PM;281;2/28/2019, 12:00:00 PM;4
2/28/2019, 2:00:00 PM;315;2/28/2019, 2:00:00 PM;3.9
2/28/2019, 4:00:00 PM;288;2/28/2019, 4:00:00 PM;4.1
2/28/2019, 6:00:00 PM;295;2/28/2019, 6:00:00 PM;4
3/1/2019, 12:00:00 AM;315;3/1/2019, 12:00:00 AM;3.8
3/1/2019, 2:00:00 AM;321;3/1/2019, 2:00:00 AM;4.5
3/1/2019, 4:00:00 AM;251;3/1/2019, 4:00:00 AM;4.8
3/1/2019, 10:00:00 AM;297;3/1/2019, 10:00:00 AM;4
3/1/2019, 2:00:00 PM;291;3/1/2019, 2:00:00 PM;4.1
3/1/2019, 6:00:00 PM;290;3/1/2019, 6:00:00 PM;4
3/1/2019, 10:00:00 PM;282;3/1/2019, 10:00:00 PM;4
3/2/2019, 12:00:00 AM;291;3/2/2019, 12:00:00 AM;4.1
3/2/2019, 2:00:00 AM;203;3/2/2019, 2:00:00 AM;5.8
3/2/2019, 4:00:00 AM;285;3/2/2019, 4:00:00 AM;3.9
3/2/2019, 6:00:00 AM;299;3/2/2019, 6:00:00 AM;4
3/2/2019, 8:01:00 AM;273;3/2/2019, 8:01:00 AM;4.1
3/2/2019, 10:00:00 AM;292;3/2/2019, 10:00:00 AM;4.1
3/2/2019, 12:00:00 PM;294;3/2/2019, 12:00:00 PM;4.2
3/2/2019, 2:00:00 PM;266;3/2/2019, 2:00:00 PM;4.2
3/2/2019, 4:00:00 PM;295;3/2/2019, 4:00:00 PM;4.1
3/2/2019, 8:00:00 PM;302;3/2/2019, 8:00:00 PM;4
3/2/2019, 10:00:00 PM;281;3/2/2019, 10:00:00 PM;4
3/3/2019, 12:00:00 AM;287;3/3/2019, 12:00:00 AM;4
3/3/2019, 2:00:00 AM;304;3/3/2019, 2:00:00 AM;4.3
3/3/2019, 4:00:00 AM;235;3/3/2019, 4:00:00 AM;4.9
3/3/2019, 6:00:00 AM;296;3/3/2019, 6:00:00 AM;3.8
3/3/2019, 8:00:00 AM;296;3/3/2019, 8:00:00 AM;4
3/4/2019, 12:00:00 AM;303;3/4/2019, 12:00:00 AM;3.9
3/4/2019, 2:00:00 AM;313;3/4/2019, 2:00:00 AM;4.5
3/4/2019, 4:00:00 AM;240;3/4/2019, 4:00:00 AM;5
3/4/2019, 6:00:00 AM;284;3/4/2019, 6:00:00 AM;4
3/4/2019, 10:00:00 AM;305;3/4/2019, 10:00:00 AM;4.1
3/4/2019, 12:00:00 PM;280;3/4/2019, 12:00:00 PM;4.3
3/4/2019, 8:00:00 PM;306;3/4/2019, 8:00:00 PM;4
3/4/2019, 10:00:00 PM;279;3/4/2019, 10:00:00 PM;4
3/5/2019, 12:00:00 AM;296;3/5/2019, 12:00:00 AM;4
3/5/2019, 2:00:00 AM;255;3/5/2019, 2:00:00 AM;5.1
3/5/2019, 4:00:00 AM;279;3/5/2019, 4:00:00 AM;3.9
3/5/2019, 6:00:00 AM;299;3/5/2019, 6:00:00 AM;4
3/5/2019, 8:00:00 AM;278;3/5/2019, 8:00:00 AM;4
3/5/2019, 12:00:00 PM;312;3/5/2019, 12:00:00 PM;4.1
3/5/2019, 2:00:00 PM;287;3/5/2019, 2:00:00 PM;4.2
3/6/2019, 12:00:00 AM;298;3/6/2019, 12:00:00 AM;4
3/6/2019, 2:00:00 AM;242;3/6/2019, 2:00:00 AM;5
3/6/2019, 4:00:00 AM;280;3/6/2019, 4:00:00 AM;4
3/6/2019, 6:00:00 AM;292;3/6/2019, 6:00:00 AM;4
3/6/2019, 4:00:00 PM;305;3/6/2019, 4:00:00 PM;4
3/7/2019, 12:00:00 AM;300;3/7/2019, 12:00:00 AM;4
3/7/2019, 2:00:00 AM;351;3/7/2019, 2:00:00 AM;4.1
3/7/2019, 4:00:00 AM;236;3/7/2019, 4:00:00 AM;4.9
3/7/2019, 6:00:00 AM;270;3/7/2019, 6:00:00 AM;4.1
3/7/2019, 8:00:00 AM;303;3/7/2019, 8:00:00 AM;3.9
3/7/2019, 10:00:00 AM;290;3/7/2019, 10:00:00 AM;4
3/7/2019, 10:00:00 PM;304;3/7/2019, 10:00:00 PM;3.9
3/8/2019, 12:00:00 AM;280;3/8/2019, 12:00:00 AM;4
3/8/2019, 2:00:00 AM;309;3/8/2019, 2:00:00 AM;4.6
3/8/2019, 4:00:00 AM;262;3/8/2019, 4:00:00 AM;4.5
3/8/2019, 6:00:00 AM;306;3/8/2019, 6:00:00 AM;3.9
3/8/2019, 8:00:00 AM;280;3/8/2019, 8:00:00 AM;4
3/8/2019, 10:00:00 AM;283;3/8/2019, 10:00:00 AM;4.2
3/8/2019, 4:00:00 PM;293;3/8/2019, 4:00:00 PM;4.1
3/8/2019, 6:00:00 PM;276;3/8/2019, 6:00:00 PM;4
3/8/2019, 8:00:00 PM;286;3/8/2019, 8:00:00 PM;3.9
3/9/2019, 12:00:00 AM;285;3/9/2019, 12:00:00 AM;4
3/9/2019, 2:00:00 AM;328;3/9/2019, 2:00:00 AM;4.2
3/9/2019, 4:00:00 AM;236;3/9/2019, 4:00:00 AM;5
3/9/2019, 8:00:00 AM;291;3/9/2019, 8:00:00 AM;4.1
3/9/2019, 10:00:00 PM;303;3/9/2019, 10:00:00 PM;3.9
3/10/2019, 2:00:00 AM;250;3/10/2019, 2:00:00 AM;4.9
3/10/2019, 4:00:00 AM;285;3/10/2019, 4:00:00 AM;3.8
3/10/2019, 6:00:00 AM;295;3/10/2019, 6:00:00 AM;3.9
3/10/2019, 8:00:00 AM;302;3/10/2019, 8:00:00 AM;3.8
3/10/2019, 10:00:00 AM;280;3/10/2019, 10:00:00 AM;3.9
3/10/2019, 4:00:00 PM;302;3/10/2019, 4:00:00 PM;3.9
3/10/2019, 6:00:00 PM;326;3/10/2019, 6:00:00 PM;3.7
3/10/2019, 8:00:00 PM;343;3/10/2019, 8:00:00 PM;4.5
3/10/2019, 10:00:00 PM;251;3/10/2019, 10:00:00 PM;4.6
3/11/2019, 12:00:00 AM;306;3/11/2019, 12:00:00 AM;4
3/11/2019, 2:00:00 AM;283;3/11/2019, 2:00:00 AM;3.9
3/11/2019, 4:00:00 AM;287;3/11/2019, 4:00:00 AM;3.9
3/11/2019, 6:00:00 AM;303;3/11/2019, 6:00:00 AM;3.9
3/11/2019, 8:00:00 AM;288;3/11/2019, 8:00:00 AM;4
3/11/2019, 10:00:00 AM;283;3/11/2019, 10:00:00 AM;4
3/11/2019, 2:00:00 PM;279;3/11/2019, 2:00:00 PM;4.2
3/11/2019, 4:00:00 PM;292;3/11/2019, 4:00:00 PM;4.6
3/11/2019, 6:00:00 PM;187;3/11/2019, 6:00:00 PM;6
3/11/2019, 8:00:00 PM;293;3/11/2019, 8:00:00 PM;4
3/11/2019, 10:00:00 PM;273;3/11/2019, 10:00:00 PM;4.1
3/12/2019, 12:00:00 AM;291;3/12/2019, 12:00:00 AM;3.9
3/12/2019, 2:00:00 AM;241;3/12/2019, 2:00:00 AM;5
3/12/2019, 4:00:00 AM;278;3/12/2019, 4:00:00 AM;4
3/12/2019, 6:00:00 AM;287;3/12/2019, 6:00:00 AM;3.9
3/12/2019, 8:00:00 AM;297;3/12/2019, 8:00:00 AM;3.9
3/12/2019, 10:00:00 AM;282;3/12/2019, 10:00:00 AM;4
3/12/2019, 12:00:00 PM;283;3/12/2019, 12:00:00 PM;4
3/12/2019, 8:00:00 PM;287;3/12/2019, 8:00:00 PM;4
3/12/2019, 10:00:00 PM;304;3/12/2019, 10:00:00 PM;4
3/13/2019, 12:00:00 AM;286;3/13/2019, 12:00:00 AM;4
3/13/2019, 2:00:00 AM;277;3/13/2019, 2:00:00 AM;4.8
3/13/2019, 4:00:00 AM;270;3/13/2019, 4:00:00 AM;4.3
3/13/2019, 6:00:00 AM;302;3/13/2019, 6:00:00 AM;3.9
3/13/2019, 8:00:00 AM;279;3/13/2019, 8:00:00 AM;4
3/13/2019, 10:00:00 AM;285;3/13/2019, 10:00:00 AM;4
3/13/2019, 12:00:00 PM;295;3/13/2019, 12:00:00 PM;3.9
3/13/2019, 2:00:00 PM;276;3/13/2019, 2:00:00 PM;4
3/13/2019, 4:00:00 PM;280;3/13/2019, 4:00:00 PM;4.1
3/13/2019, 8:00:00 PM;341;3/13/2019, 8:00:00 PM;4.3
3/13/2019, 10:00:00 PM;230;3/13/2019, 10:00:00 PM;5.1
3/14/2019, 12:00:00 AM;270;3/14/2019, 12:00:00 AM;4.2
3/14/2019, 2:00:00 AM;289;3/14/2019, 2:00:00 AM;3.9
3/14/2019, 4:00:00 AM;291;3/14/2019, 4:00:00 AM;4
3/14/2019, 6:00:00 AM;284;3/14/2019, 6:00:00 AM;4
3/14/2019, 8:01:00 AM;283;3/14/2019, 8:01:00 AM;4
3/14/2019, 10:00:00 AM;297;3/14/2019, 10:00:00 AM;4
3/14/2019, 12:00:00 PM;279;3/14/2019, 12:00:00 PM;4
3/14/2019, 6:00:00 PM;290;3/14/2019, 6:00:00 PM;4.1
3/14/2019, 8:00:00 PM;332;3/14/2019, 8:00:00 PM;3.6
3/14/2019, 10:00:00 PM;297;3/14/2019, 10:00:00 PM;4.9
3/15/2019, 12:00:00 AM;269;3/15/2019, 12:00:00 AM;4.2
3/15/2019, 2:00:00 AM;302;3/15/2019, 2:00:00 AM;3.8
3/15/2019, 4:00:00 AM;285;3/15/2019, 4:00:00 AM;4
3/15/2019, 6:00:00 AM;284;3/15/2019, 6:00:00 AM;4
3/15/2019, 8:00:00 AM;301;3/15/2019, 8:00:00 AM;4
3/15/2019, 10:00:00 AM;276;3/15/2019, 10:00:00 AM;4
3/15/2019, 2:00:00 PM;305;3/15/2019, 2:00:00 PM;3.6
3/15/2019, 4:00:00 PM;333;3/15/2019, 4:00:00 PM;4.5
3/15/2019, 6:00:00 PM;186;3/15/2019, 6:00:00 PM;6.1
3/15/2019, 8:00:00 PM;286;3/15/2019, 8:00:00 PM;4
3/15/2019, 10:00:00 PM;304;3/15/2019, 10:00:00 PM;3.9
3/16/2019, 12:00:00 AM;288;3/16/2019, 12:00:00 AM;4.1
3/16/2019, 2:00:00 AM;296;3/16/2019, 2:00:00 AM;4.7
3/16/2019, 3:59:00 AM;255;3/16/2019, 3:59:00 AM;4.5
3/16/2019, 6:00:00 AM;302;3/16/2019, 6:00:00 AM;4
3/16/2019, 8:00:00 AM;286;3/16/2019, 8:00:00 AM;4
3/16/2019, 10:00:00 AM;281;3/16/2019, 10:00:00 AM;4
3/16/2019, 12:00:00 PM;368;3/16/2019, 12:00:00 PM;3.9
3/16/2019, 2:00:00 PM;270;3/16/2019, 2:00:00 PM;5
3/16/2019, 4:00:00 PM;261;3/16/2019, 4:00:00 PM;4.2
3/16/2019, 8:00:00 PM;285;3/16/2019, 8:00:00 PM;4
3/17/2019, 12:00:00 AM;293;3/17/2019, 12:00:00 AM;4
3/17/2019, 2:00:00 AM;301;3/17/2019, 2:00:00 AM;4.4
3/17/2019, 4:00:00 AM;244;3/17/2019, 4:00:00 AM;4.7
3/17/2019, 6:00:00 AM;297;3/17/2019, 6:00:00 AM;3.9
3/17/2019, 8:00:00 AM;292;3/17/2019, 8:00:00 AM;4.1
3/17/2019, 6:00:00 PM;392;3/17/2019, 6:00:00 PM;4
3/17/2019, 8:00:00 PM;249;3/17/2019, 8:00:00 PM;5.2
3/17/2019, 10:00:00 PM;283;3/17/2019, 10:00:00 PM;4
3/18/2019, 12:00:00 AM;289;3/18/2019, 12:00:00 AM;4
3/18/2019, 2:00:00 AM;300;3/18/2019, 2:00:00 AM;3.9
3/18/2019, 4:00:00 AM;286;3/18/2019, 4:00:00 AM;4
3/18/2019, 6:00:00 AM;285;3/18/2019, 6:00:00 AM;3.9
3/18/2019, 8:00:00 AM;298;3/18/2019, 8:00:00 AM;4
3/18/2019, 10:00:00 AM;282;3/18/2019, 10:00:00 AM;4.1
3/18/2019, 4:00:00 PM;296;3/18/2019, 4:00:00 PM;3.6
3/18/2019, 6:00:00 PM;304;3/18/2019, 6:00:00 PM;4
3/18/2019, 8:00:00 PM;312;3/18/2019, 8:00:00 PM;3.9
3/18/2019, 10:00:00 PM;295;3/18/2019, 10:00:00 PM;4.1
3/19/2019, 12:00:00 AM;289;3/19/2019, 12:00:00 AM;4
3/19/2019, 2:00:00 AM;246;3/19/2019, 2:00:00 AM;5.1
3/19/2019, 4:00:00 AM;275;3/19/2019, 4:00:00 AM;4
3/19/2019, 6:00:00 AM;290;3/19/2019, 6:00:00 AM;3.9
3/19/2019, 8:00:00 AM;277;3/19/2019, 8:00:00 AM;4
3/19/2019, 10:00:00 AM;283;3/19/2019, 10:00:00 AM;4.1
3/19/2019, 2:00:00 PM;293;3/19/2019, 2:00:00 PM;4.3
3/19/2019, 9:59:00 PM;308;3/19/2019, 9:59:00 PM;4
3/20/2019, 12:00:00 AM;286;3/20/2019, 12:00:00 AM;4
3/20/2019, 2:00:00 AM;271;3/20/2019, 2:00:00 AM;5
3/20/2019, 4:00:00 AM;280;3/20/2019, 4:00:00 AM;4
3/20/2019, 6:00:00 AM;299;3/20/2019, 6:00:00 AM;4
3/20/2019, 8:00:00 AM;282;3/20/2019, 8:00:00 AM;4
3/20/2019, 10:00:00 AM;283;3/20/2019, 10:00:00 AM;4
3/20/2019, 10:00:00 PM;308;3/20/2019, 10:00:00 PM;4
3/21/2019, 12:00:00 AM;287;3/21/2019, 12:00:00 AM;4
3/21/2019, 2:00:00 AM;352;3/21/2019, 2:00:00 AM;4.3
3/21/2019, 4:00:00 AM;247;3/21/2019, 4:00:00 AM;4.8
3/21/2019, 6:00:00 AM;280;3/21/2019, 6:00:00 AM;4
3/21/2019, 8:00:00 AM;286;3/21/2019, 8:00:00 AM;4
3/21/2019, 10:00:00 PM;300;3/21/2019, 10:00:00 PM;4
3/22/2019, 2:00:00 AM;325;3/22/2019, 2:00:00 AM;4.5
3/22/2019, 4:00:00 AM;254;3/22/2019, 4:00:00 AM;4.7
3/22/2019, 6:00:00 AM;298;3/22/2019, 6:00:00 AM;4
3/22/2019, 8:00:00 AM;287;3/22/2019, 8:00:00 AM;4
3/22/2019, 10:00:00 AM;289;3/22/2019, 10:00:00 AM;4.1
3/23/2019, 12:00:00 AM;298;3/23/2019, 12:00:00 AM;4
3/23/2019, 2:00:00 AM;294;3/23/2019, 2:00:00 AM;4.8
3/23/2019, 4:00:00 AM;265;3/23/2019, 4:00:00 AM;4.5
3/23/2019, 4:00:00 PM;435;3/23/2019, 4:00:00 PM;4
3/23/2019, 6:00:00 PM;356;3/23/2019, 6:00:00 PM;4.7
3/23/2019, 8:00:00 PM;216;3/23/2019, 8:00:00 PM;5.3
3/23/2019, 10:00:00 PM;281;3/23/2019, 10:00:00 PM;4
3/24/2019, 2:00:00 AM;299;3/24/2019, 2:00:00 AM;4
3/24/2019, 4:00:00 AM;289;3/24/2019, 4:00:00 AM;4.1
3/24/2019, 6:00:00 AM;294;3/24/2019, 6:00:00 AM;4
3/24/2019, 8:00:00 AM;272;3/24/2019, 8:00:00 AM;4.1
3/24/2019, 4:01:00 PM;296;3/24/2019, 4:01:00 PM;4.3
3/24/2019, 5:59:00 PM;278;3/24/2019, 5:59:00 PM;4.2
3/24/2019, 8:00:00 PM;290;3/24/2019, 8:00:00 PM;4
3/24/2019, 10:00:00 PM;293;3/24/2019, 10:00:00 PM;4
3/25/2019, 12:00:00 AM;270;3/25/2019, 12:00:00 AM;4.1
3/25/2019, 2:00:00 AM;298;3/25/2019, 2:00:00 AM;4.6
3/25/2019, 4:00:00 AM;248;3/25/2019, 4:00:00 AM;4.7
3/25/2019, 6:01:00 AM;306;3/25/2019, 6:01:00 AM;4
3/25/2019, 7:58:00 AM;296;3/25/2019, 7:58:00 AM;4.1
3/25/2019, 8:01:00 AM;287;3/25/2019, 8:01:00 AM;4.1
3/25/2019, 10:00:00 AM;284;3/25/2019, 10:00:00 AM;4.2
3/25/2019, 7:59:00 PM;302;3/25/2019, 7:59:00 PM;3.9
3/25/2019, 10:01:00 PM;299;3/25/2019, 10:01:00 PM;4.1
3/26/2019, 12:00:00 AM;279;3/26/2019, 12:00:00 AM;4.1
3/26/2019, 2:00:00 AM;327;3/26/2019, 2:00:00 AM;4.3
3/26/2019, 4:00:00 AM;242;3/26/2019, 4:00:00 AM;4.9
3/26/2019, 8:00:00 AM;291;3/26/2019, 8:00:00 AM;4
3/26/2019, 12:00:00 PM;280;3/26/2019, 12:00:00 PM;4.1
3/26/2019, 8:00:00 PM;319;3/26/2019, 8:00:00 PM;3.8
3/26/2019, 10:00:00 PM;286;3/26/2019, 10:00:00 PM;4
3/27/2019, 12:00:00 AM;291;3/27/2019, 12:00:00 AM;4
3/27/2019, 2:00:00 AM;243;3/27/2019, 2:00:00 AM;5.2
3/27/2019, 4:00:00 AM;279;3/27/2019, 4:00:00 AM;4
3/27/2019, 6:00:00 AM;300;3/27/2019, 6:00:00 AM;3.9
3/27/2019, 8:00:00 AM;284;3/27/2019, 8:00:00 AM;4
3/27/2019, 12:00:00 PM;304;3/27/2019, 12:00:00 PM;4.1
3/27/2019, 4:00:00 PM;302;3/27/2019, 4:00:00 PM;4.1
3/27/2019, 6:00:00 PM;291;3/27/2019, 6:00:00 PM;4
3/28/2019, 12:00:00 AM;298;3/28/2019, 12:00:00 AM;4
3/28/2019, 2:00:00 AM;317;3/28/2019, 2:00:00 AM;4.3
3/28/2019, 4:00:00 AM;233;3/28/2019, 4:00:00 AM;5
3/28/2019, 6:00:00 AM;281;3/28/2019, 6:00:00 AM;4
3/28/2019, 8:00:00 AM;289;3/28/2019, 8:00:00 AM;4.8
3/28/2019, 10:00:00 AM;183;3/28/2019, 10:00:00 AM;6.1
3/28/2019, 2:00:00 PM;296;3/28/2019, 2:00:00 PM;4
3/28/2019, 4:00:00 PM;301;3/28/2019, 4:00:00 PM;4.1
3/28/2019, 6:00:00 PM;279;3/28/2019, 6:00:00 PM;4.2
3/29/2019, 12:00:00 AM;306;3/29/2019, 12:00:00 AM;3.9
3/29/2019, 1:59:00 AM;212;3/29/2019, 1:59:00 AM;5.9
3/29/2019, 4:01:00 AM;295;3/29/2019, 4:01:00 AM;4
3/29/2019, 6:00:00 AM;302;3/29/2019, 6:00:00 AM;4
3/29/2019, 8:01:00 AM;283;3/29/2019, 8:01:00 AM;4.1
3/29/2019, 12:00:00 PM;300;3/29/2019, 12:00:00 PM;4.4
3/30/2019, 2:00:00 AM;265;3/30/2019, 2:00:00 AM;5
3/30/2019, 4:00:00 AM;293;3/30/2019, 4:00:00 AM;4
3/30/2019, 8:00:00 AM;315;3/30/2019, 8:00:00 AM;4
3/30/2019, 10:00:00 AM;319;3/30/2019, 10:00:00 AM;4.1
3/30/2019, 12:00:00 PM;302;3/30/2019, 12:00:00 PM;4.4
3/30/2019, 3:59:00 PM;378;3/30/2019, 3:59:00 PM;3.7
3/30/2019, 6:00:00 PM;339;3/30/2019, 6:00:00 PM;4.6
3/30/2019, 8:00:00 PM;190;3/30/2019, 8:00:00 PM;6
3/31/2019, 4:01:00 AM;254;3/31/2019, 4:01:00 AM;5.9
3/31/2019, 8:00:00 AM;307;3/31/2019, 8:00:00 AM;3.9
4/1/2019, 12:00:00 AM;332;4/1/2019, 12:00:00 AM;3.7
4/1/2019, 2:00:00 AM;277;4/1/2019, 2:00:00 AM;4.4
4/1/2019, 4:00:00 AM;255;4/1/2019, 4:00:00 AM;4.7
4/1/2019, 6:00:00 AM;303;4/1/2019, 6:00:00 AM;3.8
4/1/2019, 8:00:00 AM;294;4/1/2019, 8:00:00 AM;4
4/1/2019, 2:00:00 PM;309;4/1/2019, 2:00:00 PM;4.2
4/2/2019, 2:00:00 AM;256;4/2/2019, 2:00:00 AM;5.3
4/2/2019, 4:00:00 AM;279;4/2/2019, 4:00:00 AM;4.5
4/2/2019, 6:00:00 AM;295;4/2/2019, 6:00:00 AM;4.1
4/2/2019, 8:00:00 AM;298;4/2/2019, 8:00:00 AM;4
4/3/2019, 2:00:00 AM;288;4/3/2019, 2:00:00 AM;4.4
4/3/2019, 3:59:00 AM;254;4/3/2019, 3:59:00 AM;4.8
4/3/2019, 6:00:00 AM;304;4/3/2019, 6:00:00 AM;3.8
4/3/2019, 8:00:00 AM;299;4/3/2019, 8:00:00 AM;4
4/3/2019, 2:00:00 PM;317;4/3/2019, 2:00:00 PM;4
4/3/2019, 4:00:00 PM;298;4/3/2019, 4:00:00 PM;4.1
4/3/2019, 10:00:00 PM;311;4/3/2019, 10:00:00 PM;4
4/4/2019, 2:00:00 AM;326;4/4/2019, 2:00:00 AM;3.9
4/4/2019, 4:00:00 AM;248;4/4/2019, 4:00:00 AM;5.2
4/4/2019, 5:59:00 AM;289;4/4/2019, 5:59:00 AM;3.9
4/4/2019, 8:01:00 AM;298;4/4/2019, 8:01:00 AM;4
4/4/2019, 9:58:00 AM;281;4/4/2019, 9:58:00 AM;3.9
4/4/2019, 10:00:00 AM;276;4/4/2019, 10:00:00 AM;3.9
4/4/2019, 12:00:00 PM;296;4/4/2019, 12:00:00 PM;4.1
4/4/2019, 2:00:00 PM;293;4/4/2019, 2:00:00 PM;4.1
4/4/2019, 4:00:00 PM;271;4/4/2019, 4:00:00 PM;4.1
4/5/2019, 12:00:00 AM;305;4/5/2019, 12:00:00 AM;4
4/5/2019, 2:00:00 AM;377;4/5/2019, 2:00:00 AM;3.9
4/5/2019, 4:00:00 AM;246;4/5/2019, 4:00:00 AM;5.2
4/5/2019, 6:00:00 AM;289;4/5/2019, 6:00:00 AM;4
4/5/2019, 8:00:00 AM;291;4/5/2019, 8:00:00 AM;3.9
4/5/2019, 10:00:00 AM;245;4/5/2019, 10:00:00 AM;4.1
4/6/2019, 2:00:00 AM;336;4/6/2019, 2:00:00 AM;3.9
4/6/2019, 4:00:00 AM;248;4/6/2019, 4:00:00 AM;5.2
4/6/2019, 6:00:00 AM;286;4/6/2019, 6:00:00 AM;4
4/6/2019, 8:00:00 AM;294;4/6/2019, 8:00:00 AM;4.1
4/6/2019, 12:00:00 PM;297;4/6/2019, 12:00:00 PM;4.2
4/7/2019, 2:00:00 AM;317;4/7/2019, 2:00:00 AM;4.8
4/7/2019, 4:00:00 AM;194;4/7/2019, 4:00:00 AM;6.1
4/7/2019, 6:00:00 AM;307;4/7/2019, 6:00:00 AM;4
4/8/2019, 2:00:00 AM;269;4/8/2019, 2:00:00 AM;5.3
4/8/2019, 4:00:00 AM;188;4/8/2019, 4:00:00 AM;6.4
4/9/2019, 2:00:00 AM;347;4/9/2019, 2:00:00 AM;4.7
4/9/2019, 4:01:00 AM;203;4/9/2019, 4:01:00 AM;6.1
4/9/2019, 2:00:00 PM;304;4/9/2019, 2:00:00 PM;4.2
4/9/2019, 6:00:00 PM;299;4/9/2019, 6:00:00 PM;4.2
4/9/2019, 8:00:00 PM;288;4/9/2019, 8:00:00 PM;4.1
4/10/2019, 2:00:00 AM;353;4/10/2019, 2:00:00 AM;4.3
4/10/2019, 4:00:00 AM;249;4/10/2019, 4:00:00 AM;4.9
4/10/2019, 8:01:00 AM;305;4/10/2019, 8:01:00 AM;4
4/10/2019, 6:00:00 PM;308;4/10/2019, 6:00:00 PM;4.2
4/10/2019, 8:00:00 PM;314;4/10/2019, 8:00:00 PM;4.6
4/10/2019, 10:00:00 PM;197;4/10/2019, 10:00:00 PM;6
4/11/2019, 2:00:00 AM;263;4/11/2019, 2:00:00 AM;5.7
4/11/2019, 4:00:00 AM;299;4/11/2019, 4:00:00 AM;4
4/11/2019, 6:00:00 AM;301;4/11/2019, 6:00:00 AM;4
4/11/2019, 8:00:00 AM;283;4/11/2019, 8:00:00 AM;4
4/12/2019, 2:00:00 AM;401;4/12/2019, 2:00:00 AM;4.2
4/12/2019, 4:00:00 AM;258;4/12/2019, 4:00:00 AM;5
4/12/2019, 6:00:00 AM;288;4/12/2019, 6:00:00 AM;4
4/12/2019, 8:00:00 AM;298;4/12/2019, 8:00:00 AM;4
4/12/2019, 4:00:00 PM;324;4/12/2019, 4:00:00 PM;3.8
4/12/2019, 6:00:00 PM;304;4/12/2019, 6:00:00 PM;4
4/13/2019, 12:00:00 AM;311;4/13/2019, 12:00:00 AM;4
4/13/2019, 2:00:00 AM;387;4/13/2019, 2:00:00 AM;3.9
4/13/2019, 4:00:00 AM;254;4/13/2019, 4:00:00 AM;5.1
4/13/2019, 6:00:00 AM;290;4/13/2019, 6:00:00 AM;4
4/13/2019, 8:00:00 AM;296;4/13/2019, 8:00:00 AM;4
4/13/2019, 12:00:00 PM;297;4/13/2019, 12:00:00 PM;4.1
4/13/2019, 4:00:00 PM;309;4/13/2019, 4:00:00 PM;4.2
4/13/2019, 6:00:00 PM;294;4/13/2019, 6:00:00 PM;4.1
4/13/2019, 8:00:00 PM;291;4/13/2019, 8:00:00 PM;4.2
4/13/2019, 10:00:00 PM;301;4/13/2019, 10:00:00 PM;4
4/14/2019, 12:00:00 AM;289;4/14/2019, 12:00:00 AM;4.1
4/14/2019, 2:00:00 AM;331;4/14/2019, 2:00:00 AM;4
4/14/2019, 4:00:00 AM;244;4/14/2019, 4:00:00 AM;5.1
4/14/2019, 6:00:00 AM;289;4/14/2019, 6:00:00 AM;4
4/14/2019, 8:00:00 AM;290;4/14/2019, 8:00:00 AM;4.1
4/14/2019, 10:00:00 AM;305;4/14/2019, 10:00:00 AM;4.1
4/14/2019, 12:00:00 PM;288;4/14/2019, 12:00:00 PM;4.2
4/14/2019, 8:00:00 PM;360;4/14/2019, 8:00:00 PM;4.2
4/14/2019, 10:00:00 PM;247;4/14/2019, 10:00:00 PM;5.5
4/15/2019, 1:33:00 AM;314;4/15/2019, 1:33:00 AM;3.8
4/15/2019, 2:00:00 AM;262;4/15/2019, 2:00:00 AM;4.7
4/15/2019, 4:00:00 AM;286;4/15/2019, 4:00:00 AM;4
4/15/2019, 6:00:00 AM;269;4/15/2019, 6:00:00 AM;4.2
4/15/2019, 8:00:00 AM;299;4/15/2019, 8:00:00 AM;4
4/15/2019, 8:00:00 PM;322;4/15/2019, 8:00:00 PM;3.9
4/15/2019, 10:00:00 PM;297;4/15/2019, 10:00:00 PM;4
4/16/2019, 2:00:00 AM;264;4/16/2019, 2:00:00 AM;5.1
4/16/2019, 4:00:00 AM;192;4/16/2019, 4:00:00 AM;6.3
4/16/2019, 6:00:00 AM;298;4/16/2019, 6:00:00 AM;4
4/16/2019, 8:00:00 AM;305;4/16/2019, 8:00:00 AM;4
4/16/2019, 10:00:00 AM;284;4/16/2019, 10:00:00 AM;4
4/17/2019, 2:00:00 AM;435;4/17/2019, 2:00:00 AM;3.9
4/17/2019, 4:00:00 AM;278;4/17/2019, 4:00:00 AM;5.4
4/18/2019, 2:00:00 AM;326;4/18/2019, 2:00:00 AM;4.7
4/18/2019, 4:00:00 AM;201;4/18/2019, 4:00:00 AM;6
4/19/2019, 2:00:00 AM;392;4/19/2019, 2:00:00 AM;4.4
4/19/2019, 3:59:00 AM;227;4/19/2019, 3:59:00 AM;5.9
4/20/2019, 2:00:00 AM;421;4/20/2019, 2:00:00 AM;4.3
4/20/2019, 4:00:00 AM;251;4/20/2019, 4:00:00 AM;5.8
4/21/2019, 2:00:00 AM;470;4/21/2019, 2:00:00 AM;4
4/21/2019, 4:00:00 AM;307;4/21/2019, 4:00:00 AM;5.4
4/21/2019, 7:59:00 PM;418;4/21/2019, 7:59:00 PM;4.5
4/21/2019, 10:01:00 PM;199;4/21/2019, 10:01:00 PM;6
4/23/2019, 2:00:00 AM;313;4/23/2019, 2:00:00 AM;5.3
4/23/2019, 4:00:00 AM;191;4/23/2019, 4:00:00 AM;6.4
4/24/2019, 2:00:00 AM;376;4/24/2019, 2:00:00 AM;4.6
4/24/2019, 4:00:00 AM;220;4/24/2019, 4:00:00 AM;6.1
4/25/2019, 2:00:00 AM;403;4/25/2019, 2:00:00 AM;4.4
4/25/2019, 4:00:00 AM;243;4/25/2019, 4:00:00 AM;5.8
4/25/2019, 8:00:00 PM;446;4/25/2019, 8:00:00 PM;4
4/25/2019, 10:00:00 PM;330;4/25/2019, 10:00:00 PM;5.3
4/27/2019, 2:00:00 AM;367;4/27/2019, 2:00:00 AM;4.6
4/27/2019, 4:00:00 AM;218;4/27/2019, 4:00:00 AM;6
4/28/2019, 12:00:00 AM;343;4/28/2019, 12:00:00 AM;4.1
4/28/2019, 2:00:00 AM;270;4/28/2019, 2:00:00 AM;4.8
4/28/2019, 4:00:00 AM;305;4/28/2019, 4:00:00 AM;3.9
4/28/2019, 6:00:00 AM;293;4/28/2019, 6:00:00 AM;4
4/28/2019, 8:00:00 AM;304;4/28/2019, 8:00:00 AM;4
4/29/2019, 2:00:00 AM;286;4/29/2019, 2:00:00 AM;5.1
4/29/2019, 4:00:00 AM;278;4/29/2019, 4:00:00 AM;4.4
4/29/2019, 6:00:00 AM;317;4/29/2019, 6:00:00 AM;4
4/29/2019, 8:00:00 AM;293;4/29/2019, 8:00:00 AM;4
4/30/2019, 2:00:00 AM;255;4/30/2019, 2:00:00 AM;5.7
5/1/2019, 12:00:00 AM;339;5/1/2019, 12:00:00 AM;3.9
5/1/2019, 2:00:00 AM;297;5/1/2019, 2:00:00 AM;4.5
5/1/2019, 4:00:00 AM;241;5/1/2019, 4:00:00 AM;5.2
5/1/2019, 6:00:00 AM;299;5/1/2019, 6:00:00 AM;4
5/1/2019, 4:00:00 PM;323;5/1/2019, 4:00:00 PM;4.3
5/1/2019, 6:00:00 PM;269;5/1/2019, 6:00:00 PM;4.4
5/2/2019, 2:00:00 AM;406;5/2/2019, 2:00:00 AM;4
5/2/2019, 4:00:00 AM;275;5/2/2019, 4:00:00 AM;5.1
5/2/2019, 6:00:00 AM;291;5/2/2019, 6:00:00 AM;4
5/3/2019, 2:00:00 AM;448;5/3/2019, 2:00:00 AM;3.9
5/3/2019, 4:00:00 AM;298;5/3/2019, 4:00:00 AM;5.4
5/3/2019, 6:00:00 AM;297;5/3/2019, 6:00:00 AM;4
5/3/2019, 4:00:00 PM;313;5/3/2019, 4:00:00 PM;4.1
5/3/2019, 8:00:00 PM;307;5/3/2019, 8:00:00 PM;4
5/4/2019, 2:00:00 AM;255;5/4/2019, 2:00:00 AM;5.2
5/4/2019, 4:00:00 AM;267;5/4/2019, 4:00:00 AM;4.9
5/4/2019, 6:00:00 AM;300;5/4/2019, 6:00:00 AM;4.2
5/4/2019, 4:00:00 PM;325;5/4/2019, 4:00:00 PM;4.1
5/4/2019, 6:00:00 PM;297;5/4/2019, 6:00:00 PM;4.1
5/5/2019, 2:00:00 AM;393;5/5/2019, 2:00:00 AM;4.2
5/5/2019, 4:00:00 AM;250;5/5/2019, 4:00:00 AM;5.5
5/5/2019, 8:00:00 AM;307;5/5/2019, 8:00:00 AM;4
5/5/2019, 12:00:00 PM;322;5/5/2019, 12:00:00 PM;4
5/5/2019, 2:00:00 PM;298;5/5/2019, 2:00:00 PM;4
5/5/2019, 4:00:00 PM;301;5/5/2019, 4:00:00 PM;4.2
5/6/2019, 12:00:00 AM;312;5/6/2019, 12:00:00 AM;4
5/6/2019, 2:00:00 AM;234;5/6/2019, 2:00:00 AM;5.3
5/6/2019, 4:00:00 AM;284;5/6/2019, 4:00:00 AM;4
5/6/2019, 6:00:00 AM;305;5/6/2019, 6:00:00 AM;4
5/6/2019, 8:00:00 AM;281;5/6/2019, 8:00:00 AM;4.1
5/6/2019, 8:00:00 PM;412;5/6/2019, 8:00:00 PM;4.3
5/6/2019, 10:00:00 PM;245;5/6/2019, 10:00:00 PM;5.6
5/7/2019, 12:00:00 AM;309;5/7/2019, 12:00:00 AM;3.8
5/7/2019, 2:00:00 AM;305;5/7/2019, 2:00:00 AM;3.9
5/7/2019, 4:00:00 AM;274;5/7/2019, 4:00:00 AM;4.5
5/7/2019, 6:00:00 AM;274;5/7/2019, 6:00:00 AM;4
5/7/2019, 8:00:00 AM;320;5/7/2019, 8:00:00 AM;4
5/7/2019, 10:00:00 AM;310;5/7/2019, 10:00:00 AM;4.1
5/7/2019, 12:00:00 PM;289;5/7/2019, 12:00:00 PM;4.3
5/8/2019, 2:00:00 AM;340;5/8/2019, 2:00:00 AM;4.2
5/8/2019, 4:00:00 AM;256;5/8/2019, 4:00:00 AM;4.9
5/8/2019, 8:00:00 AM;315;5/8/2019, 8:00:00 AM;4
5/8/2019, 10:00:00 AM;287;5/8/2019, 10:00:00 AM;4
5/9/2019, 2:00:00 AM;351;5/9/2019, 2:00:00 AM;4.1
5/9/2019, 4:00:00 AM;260;5/9/2019, 4:00:00 AM;5
5/9/2019, 6:00:00 AM;291;5/9/2019, 6:00:00 AM;4
5/9/2019, 10:00:00 AM;316;5/9/2019, 10:00:00 AM;4
5/10/2019, 2:00:00 AM;280;5/10/2019, 2:00:00 AM;5.2
5/10/2019, 4:00:00 AM;194;5/10/2019, 4:00:00 AM;6.3
5/10/2019, 2:00:00 PM;322;5/10/2019, 2:00:00 PM;4.3
5/11/2019, 12:00:00 AM;318;5/11/2019, 12:00:00 AM;4
5/11/2019, 2:00:00 AM;356;5/11/2019, 2:00:00 AM;4.2
5/12/2019, 3:59:00 AM;269;5/12/2019, 3:59:00 AM;5.1
5/12/2019, 6:00:00 AM;293;5/12/2019, 6:00:00 AM;4
5/13/2019, 2:00:00 AM;309;5/13/2019, 2:00:00 AM;4.8
5/13/2019, 4:00:00 AM;259;5/13/2019, 4:00:00 AM;4.7
5/13/2019, 8:00:00 AM;310;5/13/2019, 8:00:00 AM;3.9
5/13/2019, 10:00:00 AM;305;5/13/2019, 10:00:00 AM;4.1
5/13/2019, 12:00:00 PM;288;5/13/2019, 12:00:00 PM;4.1
5/13/2019, 4:00:00 PM;304;5/13/2019, 4:00:00 PM;4.3
5/13/2019, 6:00:00 PM;285;5/13/2019, 6:00:00 PM;4.4
5/13/2019, 8:00:00 PM;306;5/13/2019, 8:00:00 PM;4.2
5/14/2019, 2:00:00 AM;417;5/14/2019, 2:00:00 AM;3.8
5/14/2019, 4:00:00 AM;285;5/14/2019, 4:00:00 AM;5.2
5/14/2019, 12:00:00 PM;300;5/14/2019, 12:00:00 PM;4.2
5/14/2019, 2:00:00 PM;279;5/14/2019, 2:00:00 PM;4.4
5/14/2019, 4:00:00 PM;299;5/14/2019, 4:00:00 PM;4.3
5/14/2019, 6:00:00 PM;300;5/14/2019, 6:00:00 PM;4.3
5/15/2019, 2:00:00 AM;421;5/15/2019, 2:00:00 AM;3.8
5/15/2019, 4:00:00 AM;294;5/15/2019, 4:00:00 AM;5.2
5/15/2019, 6:00:00 AM;308;5/15/2019, 6:00:00 AM;4
5/15/2019, 8:00:00 AM;296;5/15/2019, 8:00:00 AM;4
5/15/2019, 12:00:00 PM;312;5/15/2019, 12:00:00 PM;4.3
5/15/2019, 2:00:00 PM;293;5/15/2019, 2:00:00 PM;4.4
5/16/2019, 2:00:00 AM;405;5/16/2019, 2:00:00 AM;4
5/16/2019, 4:00:00 AM;264;5/16/2019, 4:00:00 AM;5.4
5/16/2019, 12:00:00 PM;312;5/16/2019, 12:00:00 PM;4.1
5/16/2019, 2:00:00 PM;327;5/16/2019, 2:00:00 PM;4.1
5/16/2019, 4:00:00 PM;294;5/16/2019, 4:00:00 PM;4.3
5/17/2019, 2:00:00 AM;417;5/17/2019, 2:00:00 AM;4
5/17/2019, 4:00:00 AM;276;5/17/2019, 4:00:00 AM;5.4
5/17/2019, 12:00:00 PM;321;5/17/2019, 12:00:00 PM;4
5/17/2019, 2:00:00 PM;305;5/17/2019, 2:00:00 PM;4.1
5/17/2019, 4:00:00 PM;297;5/17/2019, 4:00:00 PM;3.8
5/17/2019, 6:00:00 PM;326;5/17/2019, 6:00:00 PM;4
5/18/2019, 2:00:00 AM;264;5/18/2019, 2:00:00 AM;5.3
5/18/2019, 6:00:00 AM;305;5/18/2019, 6:00:00 AM;4.1
5/19/2019, 2:00:00 AM;289;5/19/2019, 2:00:00 AM;5.2
5/19/2019, 4:00:00 AM;190;5/19/2019, 4:00:00 AM;6.3
5/20/2019, 2:00:00 AM;451;5/20/2019, 2:00:00 AM;4
5/20/2019, 4:00:00 AM;297;5/20/2019, 4:00:00 AM;5.5
5/21/2019, 2:00:00 AM;385;5/21/2019, 2:00:00 AM;4.4
5/21/2019, 4:00:00 AM;225;5/21/2019, 4:00:00 AM;5.9
5/22/2019, 2:00:00 AM;293;5/22/2019, 2:00:00 AM;5.1
5/22/2019, 4:00:00 AM;227;5/22/2019, 4:00:00 AM;5.6
5/22/2019, 6:00:00 AM;303;5/22/2019, 6:00:00 AM;4
5/23/2019, 2:00:00 AM;299;5/23/2019, 2:00:00 AM;5
5/23/2019, 4:00:00 AM;198;5/23/2019, 4:00:00 AM;6.2
5/23/2019, 8:00:00 AM;314;5/23/2019, 8:00:00 AM;3.9
5/24/2019, 2:00:00 AM;448;5/24/2019, 2:00:00 AM;3.9
5/24/2019, 4:00:00 AM;312;5/24/2019, 4:00:00 AM;5.3
5/25/2019, 2:00:00 AM;411;5/25/2019, 2:00:00 AM;4.3
5/25/2019, 4:00:00 AM;249;5/25/2019, 4:00:00 AM;5.8
5/25/2019, 12:00:00 PM;324;5/25/2019, 12:00:00 PM;4.2
5/26/2019, 2:00:00 AM;253;5/26/2019, 2:00:00 AM;5.6
5/28/2019, 2:00:00 AM;454;5/28/2019, 2:00:00 AM;4
5/28/2019, 4:00:00 AM;305;5/28/2019, 4:00:00 AM;5.4
5/29/2019, 2:00:00 AM;263;5/29/2019, 2:00:00 AM;5.9
5/29/2019, 6:00:00 AM;311;5/29/2019, 6:00:00 AM;4
5/29/2019, 8:00:00 AM;293;5/29/2019, 8:00:00 AM;4
5/30/2019, 1:59:00 AM;430;5/30/2019, 1:59:00 AM;4.1
5/30/2019, 4:01:00 AM;270;5/30/2019, 4:01:00 AM;5.6
5/31/2019, 2:00:00 AM;282;5/31/2019, 2:00:00 AM;5.6
6/1/2019, 2:00:00 AM;273;6/1/2019, 2:00:00 AM;5.8
6/2/2019, 2:01:00 AM;333;6/2/2019, 2:01:00 AM;5.2
6/2/2019, 4:00:00 AM;203;6/2/2019, 4:00:00 AM;6.3
6/3/2019, 2:00:00 AM;468;6/3/2019, 2:00:00 AM;4
6/3/2019, 4:00:00 AM;345;6/3/2019, 4:00:00 AM;5.3
6/4/2019, 2:00:00 AM;341;6/4/2019, 2:00:00 AM;5
6/4/2019, 4:00:00 AM;210;6/4/2019, 4:00:00 AM;6.2
6/5/2019, 1:59:00 AM;339;6/5/2019, 1:59:00 AM;5.2
6/5/2019, 4:00:00 AM;206;6/5/2019, 4:00:00 AM;6.3
6/5/2019, 8:00:00 PM;412;6/5/2019, 8:00:00 PM;4.6
6/5/2019, 10:00:00 PM;219;6/5/2019, 10:00:00 PM;6
6/6/2019, 2:00:00 AM;324;6/6/2019, 2:00:00 AM;5
6/6/2019, 4:00:00 AM;208;6/6/2019, 4:00:00 AM;6.2
6/7/2019, 2:00:00 AM;420;6/7/2019, 2:00:00 AM;4.4
6/7/2019, 4:01:00 AM;265;6/7/2019, 4:01:00 AM;5.8
6/8/2019, 2:00:00 AM;276;6/8/2019, 2:00:00 AM;5.8
6/9/2019, 2:00:00 AM;285;6/9/2019, 2:00:00 AM;5.6
6/10/2019, 2:00:00 AM;356;6/10/2019, 2:00:00 AM;4.6
6/10/2019, 4:00:00 AM;226;6/10/2019, 4:00:00 AM;6
6/11/2019, 2:00:00 AM;360;6/11/2019, 2:00:00 AM;4.8
6/11/2019, 4:00:00 AM;226;6/11/2019, 4:00:00 AM;6.1
6/12/2019, 2:00:00 AM;352;6/12/2019, 2:00:00 AM;4.9
6/12/2019, 4:00:00 AM;222;6/12/2019, 4:00:00 AM;6.2
6/12/2019, 2:00:00 PM;302;6/12/2019, 2:00:00 PM;3.9
6/12/2019, 4:00:00 PM;308;6/12/2019, 4:00:00 PM;5.4
6/13/2019, 2:00:00 AM;314;6/13/2019, 2:00:00 AM;5.3
6/13/2019, 4:00:00 AM;197;6/13/2019, 4:00:00 AM;6.4
6/14/2019, 2:00:00 AM;454;6/14/2019, 2:00:00 AM;4
6/14/2019, 4:00:00 AM;328;6/14/2019, 4:00:00 AM;5.4
6/15/2019, 2:00:00 AM;279;6/15/2019, 2:00:00 AM;5.6
6/16/2019, 2:00:00 AM;321;6/16/2019, 2:00:00 AM;5.2
6/16/2019, 4:00:00 AM;197;6/16/2019, 4:00:00 AM;6.3
6/17/2019, 2:00:00 AM;281;6/17/2019, 2:00:00 AM;5.6
6/18/2019, 2:01:00 AM;429;6/18/2019, 2:01:00 AM;4.3
6/18/2019, 3:59:00 AM;288;6/18/2019, 3:59:00 AM;5.8
6/19/2019, 2:00:00 AM;418;6/19/2019, 2:00:00 AM;4.4
6/19/2019, 4:00:00 AM;279;6/19/2019, 4:00:00 AM;5.8
6/20/2019, 1:59:00 AM;418;6/20/2019, 1:59:00 AM;4.4
6/20/2019, 4:00:00 AM;272;6/20/2019, 4:00:00 AM;5.8
6/21/2019, 1:59:00 AM;444;6/21/2019, 1:59:00 AM;4.2
6/21/2019, 4:00:00 AM;312;6/21/2019, 4:00:00 AM;5.6
6/22/2019, 2:00:00 AM;455;6/22/2019, 2:00:00 AM;4
6/22/2019, 4:00:00 AM;334;6/22/2019, 4:00:00 AM;5.4
6/23/2019, 2:00:00 AM;423;6/23/2019, 2:00:00 AM;4.4
6/23/2019, 4:00:00 AM;280;6/23/2019, 4:00:00 AM;5.8
6/23/2019, 8:00:00 PM;289;6/23/2019, 8:00:00 PM;5.6
6/23/2019, 10:00:00 PM;130;6/23/2019, 10:00:00 PM;6.6
6/25/2019, 1:59:00 AM;368;6/25/2019, 1:59:00 AM;4.9
6/25/2019, 4:01:00 AM;231;6/25/2019, 4:01:00 AM;6.2
6/26/2019, 2:00:00 AM;355;6/26/2019, 2:00:00 AM;5.2
6/26/2019, 4:00:00 AM;225;6/26/2019, 4:00:00 AM;6.4
6/27/2019, 2:00:00 AM;461;6/27/2019, 2:00:00 AM;4.2
6/27/2019, 4:00:00 AM;342;6/27/2019, 4:00:00 AM;5.6
6/28/2019, 2:00:00 AM;354;6/28/2019, 2:00:00 AM;5
6/28/2019, 4:00:00 AM;220;6/28/2019, 4:00:00 AM;6.2
6/29/2019, 2:00:00 AM;351;6/29/2019, 2:00:00 AM;5
6/29/2019, 4:00:00 AM;221;6/29/2019, 4:00:00 AM;6.2
6/30/2019, 2:00:00 AM;346;6/30/2019, 2:00:00 AM;5.1
6/30/2019, 4:00:00 AM;216;6/30/2019, 4:00:00 AM;6.3
7/1/2019, 2:00:00 AM;392;7/1/2019, 2:00:00 AM;4.7
7/1/2019, 4:00:00 AM;259;7/1/2019, 4:00:00 AM;6
7/2/2019, 2:00:00 AM;344;7/2/2019, 2:00:00 AM;5.2
7/2/2019, 4:00:00 AM;214;7/2/2019, 4:00:00 AM;6.4
7/3/2019, 2:26:00 AM;404;7/3/2019, 2:26:00 AM;4.5
7/3/2019, 4:00:00 AM;274;7/3/2019, 4:00:00 AM;5.9
7/4/2019, 2:01:00 AM;353;7/4/2019, 2:01:00 AM;5
7/4/2019, 3:59:00 AM;218;7/4/2019, 3:59:00 AM;6.3
7/5/2019, 2:00:00 AM;411;7/5/2019, 2:00:00 AM;4.3
7/5/2019, 4:00:00 AM;289;7/5/2019, 4:00:00 AM;5.7
7/6/2019, 2:00:00 AM;448;7/6/2019, 2:00:00 AM;4.2
7/6/2019, 4:00:00 AM;327;7/6/2019, 4:00:00 AM;5.6
7/7/2019, 2:00:00 AM;343;7/7/2019, 2:00:00 AM;5.2
7/7/2019, 4:00:00 AM;215;7/7/2019, 4:00:00 AM;6.3
7/8/2019, 3:57:00 AM;197;7/8/2019, 3:57:00 AM;6.5
7/9/2019, 2:00:00 AM;392;7/9/2019, 2:00:00 AM;4.4
7/9/2019, 4:00:00 AM;264;7/9/2019, 4:00:00 AM;5.8
7/10/2019, 2:00:00 AM;370;7/10/2019, 2:00:00 AM;4.8
7/10/2019, 4:01:00 AM;237;7/10/2019, 4:01:00 AM;6.1
7/11/2019, 2:00:00 AM;378;7/11/2019, 2:00:00 AM;4.5
7/11/2019, 4:00:00 AM;249;7/11/2019, 4:00:00 AM;5.9
7/12/2019, 2:00:00 AM;402;7/12/2019, 2:00:00 AM;4.5
7/12/2019, 4:00:00 AM;269;7/12/2019, 4:00:00 AM;5.8
7/13/2019, 2:00:00 AM;444;7/13/2019, 2:00:00 AM;4.3
7/13/2019, 4:00:00 AM;307;7/13/2019, 4:00:00 AM;5.7
7/14/2019, 2:00:00 AM;279;7/14/2019, 2:00:00 AM;5.7
7/15/2019, 2:00:00 AM;421;7/15/2019, 2:00:00 AM;4.4
7/15/2019, 4:00:00 AM;282;7/15/2019, 4:00:00 AM;5.8
7/16/2019, 2:00:00 AM;281;7/16/2019, 2:00:00 AM;5.6
7/17/2019, 1:59:00 AM;318;7/17/2019, 1:59:00 AM;5.3
7/17/2019, 4:00:00 AM;201;7/17/2019, 4:00:00 AM;6.4
7/18/2019, 2:00:00 AM;372;7/18/2019, 2:00:00 AM;4.8
7/18/2019, 4:00:00 AM;234;7/18/2019, 4:00:00 AM;6.1
7/19/2019, 2:00:00 AM;448;7/19/2019, 2:00:00 AM;4.3
7/19/2019, 4:00:00 AM;315;7/19/2019, 4:00:00 AM;5.7
7/20/2019, 2:00:00 AM;399;7/20/2019, 2:00:00 AM;4.5
7/20/2019, 4:00:00 AM;263;7/20/2019, 4:00:00 AM;5.9
7/21/2019, 2:00:00 AM;288;7/21/2019, 2:00:00 AM;5.8
7/22/2019, 2:00:00 AM;398;7/22/2019, 2:00:00 AM;4.6
7/22/2019, 4:00:00 AM;258;7/22/2019, 4:00:00 AM;6
7/23/2019, 2:00:00 AM;302;7/23/2019, 2:00:00 AM;5.5
7/23/2019, 4:00:00 AM;197;7/23/2019, 4:00:00 AM;6.5
7/24/2019, 2:00:00 AM;285;7/24/2019, 2:00:00 AM;5.7
7/25/2019, 2:00:00 AM;447;7/25/2019, 2:00:00 AM;4.4
7/25/2019, 4:00:00 AM;312;7/25/2019, 4:00:00 AM;5.8
7/26/2019, 2:00:00 AM;348;7/26/2019, 2:00:00 AM;5.2
7/26/2019, 4:00:00 AM;221;7/26/2019, 4:00:00 AM;6.4
7/27/2019, 2:00:00 AM;293;7/27/2019, 2:00:00 AM;5.6
7/28/2019, 2:00:00 AM;299;7/28/2019, 2:00:00 AM;5.6
7/29/2019, 2:00:00 AM;341;7/29/2019, 2:00:00 AM;5.3
7/29/2019, 4:00:00 AM;218;7/29/2019, 4:00:00 AM;6.4
7/30/2019, 2:00:00 AM;287;7/30/2019, 2:00:00 AM;5.7
