Date Time;Total generated energy by the installation after completion;Date Time;Total consumed energy by the installation after completion
8/1/2018, 2:00:00 AM;3,129;8/1/2018, 2:00:00 AM;1,285
8/2/2018, 2:00:00 AM;3,150;8/2/2018, 2:00:00 AM;1,286
8/3/2018, 2:00:00 AM;3,170;8/3/2018, 2:00:00 AM;1,287
8/4/2018, 2:00:00 AM;3,186;8/4/2018, 2:00:00 AM;1,287
8/5/2018, 2:00:00 AM;3,206;8/5/2018, 2:00:00 AM;1,289
8/6/2018, 2:00:00 AM;3,226;8/6/2018, 2:00:00 AM;1,289
8/7/2018, 2:00:00 AM;3,245;8/7/2018, 2:00:00 AM;1,290
8/8/2018, 2:00:00 AM;3,258;8/8/2018, 2:00:00 AM;1,291
8/9/2018, 2:00:00 AM;3,263;8/9/2018, 2:00:00 AM;1,292
8/10/2018, 2:00:00 AM;3,278;8/10/2018, 2:00:00 AM;1,292
8/11/2018, 2:00:00 AM;3,296;8/11/2018, 2:00:00 AM;1,294
8/12/2018, 2:00:00 AM;3,296;8/12/2018, 2:00:00 AM;1,296
8/13/2018, 2:00:00 AM;3,317;8/13/2018, 2:00:00 AM;1,299
8/14/2018, 2:00:00 AM;3,329;8/14/2018, 2:00:00 AM;1,302
8/15/2018, 2:00:00 AM;3,338;8/15/2018, 2:00:00 AM;1,303
8/16/2018, 2:00:00 AM;3,349;8/16/2018, 2:00:00 AM;1,305
8/17/2018, 2:00:00 AM;3,364;8/17/2018, 2:00:00 AM;1,307
8/18/2018, 2:00:00 AM;3,372;8/18/2018, 2:00:00 AM;1,309
8/19/2018, 2:00:00 AM;3,380;8/19/2018, 2:00:00 AM;1,311
8/20/2018, 2:00:00 AM;3,391;8/20/2018, 2:00:00 AM;1,313
8/21/2018, 2:00:00 AM;3,405;8/21/2018, 2:00:00 AM;1,315
8/22/2018, 2:00:00 AM;3,422;8/22/2018, 2:00:00 AM;1,319
8/23/2018, 2:00:00 AM;3,430;8/23/2018, 2:00:00 AM;1,320
8/24/2018, 2:00:00 AM;3,444;8/24/2018, 2:00:00 AM;1,322
8/25/2018, 2:00:00 AM;3,455;8/25/2018, 2:00:00 AM;1,324
8/26/2018, 2:00:00 AM;3,469;8/26/2018, 2:00:00 AM;1,326
8/27/2018, 2:00:00 AM;3,475;8/27/2018, 2:00:00 AM;1,328
8/28/2018, 2:00:00 AM;3,486;8/28/2018, 2:00:00 AM;1,330
8/29/2018, 2:00:00 AM;3,486;8/29/2018, 2:00:00 AM;1,331
8/30/2018, 2:00:00 AM;3,507;8/30/2018, 2:00:00 AM;1,334
8/31/2018, 2:00:00 AM;3,516;8/31/2018, 2:00:00 AM;1,336
9/1/2018, 2:00:00 AM;3,530;9/1/2018, 2:00:00 AM;1,338
9/2/2018, 2:00:00 AM;3,551;9/2/2018, 2:00:00 AM;1,340
9/3/2018, 2:00:00 AM;3,557;9/3/2018, 2:00:00 AM;1,342
9/4/2018, 2:00:00 AM;3,569;9/4/2018, 2:00:00 AM;1,344
9/5/2018, 2:00:00 AM;3,579;9/5/2018, 2:00:00 AM;1,347
9/6/2018, 2:00:00 AM;3,581;9/6/2018, 2:00:00 AM;1,348
9/7/2018, 2:00:00 AM;3,600;9/7/2018, 2:00:00 AM;1,351
9/8/2018, 2:00:00 AM;3,610;9/8/2018, 2:00:00 AM;1,355
9/9/2018, 2:00:00 AM;3,625;9/9/2018, 2:00:00 AM;1,356
9/10/2018, 2:00:00 AM;3,633;9/10/2018, 2:00:00 AM;1,358
9/11/2018, 2:00:00 AM;3,643;9/11/2018, 2:00:00 AM;1,361
9/12/2018, 2:00:00 AM;3,647;9/12/2018, 2:00:00 AM;1,362
9/13/2018, 2:00:00 AM;3,665;9/13/2018, 2:00:00 AM;1,366
9/14/2018, 2:00:00 AM;3,678;9/14/2018, 2:00:00 AM;1,368
9/15/2018, 2:00:00 AM;3,691;9/15/2018, 2:00:00 AM;1,371
9/16/2018, 2:00:00 AM;3,704;9/16/2018, 2:00:00 AM;1,373
9/17/2018, 2:00:00 AM;3,721;9/17/2018, 2:00:00 AM;1,375
9/18/2018, 2:00:00 AM;3,738;9/18/2018, 2:00:00 AM;1,378
9/19/2018, 2:00:00 AM;3,751;9/19/2018, 2:00:00 AM;1,380
9/20/2018, 2:00:00 AM;3,765;9/20/2018, 2:00:00 AM;1,382
9/21/2018, 2:00:00 AM;3,776;9/21/2018, 2:00:00 AM;1,384
9/22/2018, 2:00:00 AM;3,781;9/22/2018, 2:00:00 AM;1,387
9/23/2018, 2:00:00 AM;3,784;9/23/2018, 2:00:00 AM;1,392
9/24/2018, 2:00:00 AM;3,799;9/24/2018, 2:00:00 AM;1,394
9/25/2018, 2:00:00 AM;3,815;9/25/2018, 2:00:00 AM;1,396
9/26/2018, 2:00:00 AM;3,815;9/26/2018, 2:00:00 AM;1,398
9/27/2018, 2:00:00 AM;3,850;9/27/2018, 2:00:00 AM;1,401
9/28/2018, 2:00:00 AM;3,864;9/28/2018, 2:00:00 AM;1,402
9/29/2018, 2:00:00 AM;3,881;9/29/2018, 2:00:00 AM;1,404
9/30/2018, 2:00:00 AM;3,893;9/30/2018, 2:00:00 AM;1,408
10/1/2018, 2:00:00 AM;3,905;10/1/2018, 2:00:00 AM;1,410
10/2/2018, 2:00:00 AM;3,910;10/2/2018, 2:00:00 AM;1,414
10/3/2018, 2:00:00 AM;3,922;10/3/2018, 2:00:00 AM;1,418
10/4/2018, 2:00:00 AM;3,927;10/4/2018, 2:00:00 AM;1,419
10/5/2018, 2:00:00 AM;3,943;10/5/2018, 2:00:00 AM;1,421
10/6/2018, 2:00:00 AM;3,956;10/6/2018, 2:00:00 AM;1,422
10/7/2018, 2:00:00 AM;3,966;10/7/2018, 2:00:00 AM;1,424
10/8/2018, 2:00:00 AM;3,978;10/8/2018, 2:00:00 AM;1,426
10/9/2018, 2:00:00 AM;3,993;10/9/2018, 2:00:00 AM;1,428
10/10/2018, 2:00:00 AM;4,009;10/10/2018, 2:00:00 AM;1,430
10/11/2018, 2:00:00 AM;4,013;10/11/2018, 2:00:00 AM;1,433
10/12/2018, 2:00:00 AM;4,025;10/12/2018, 2:00:00 AM;1,434
10/13/2018, 2:00:00 AM;4,038;10/13/2018, 2:00:00 AM;1,439
10/14/2018, 2:00:00 AM;4,050;10/14/2018, 2:00:00 AM;1,439
10/15/2018, 2:00:00 AM;4,062;10/15/2018, 2:00:00 AM;1,440
10/16/2018, 2:00:00 AM;4,074;10/16/2018, 2:00:00 AM;1,443
10/17/2018, 2:00:00 AM;4,083;10/17/2018, 2:00:00 AM;1,444
10/18/2018, 2:00:00 AM;4,094;10/18/2018, 2:00:00 AM;1,449
10/19/2018, 2:00:00 AM;4,107;10/19/2018, 2:00:00 AM;1,453
10/20/2018, 2:00:00 AM;4,115;10/20/2018, 2:00:00 AM;1,453
10/21/2018, 2:00:00 AM;4,122;10/21/2018, 2:00:00 AM;1,456
10/22/2018, 2:00:00 AM;4,132;10/22/2018, 2:00:00 AM;1,457
10/23/2018, 2:00:00 AM;4,132;10/23/2018, 2:00:00 AM;1,458
10/24/2018, 2:00:00 AM;4,138;10/24/2018, 2:00:00 AM;1,460
10/25/2018, 2:00:00 AM;4,140;10/25/2018, 2:00:00 AM;1,463
10/26/2018, 2:00:00 AM;4,141;10/26/2018, 2:00:00 AM;1,467
10/27/2018, 2:00:00 AM;4,154;10/27/2018, 2:00:00 AM;1,471
10/28/2018, 2:00:00 AM;4,166;10/28/2018, 2:00:00 AM;1,475
10/29/2018, 1:00:00 AM;4,168;10/29/2018, 1:00:00 AM;1,481
10/30/2018, 1:00:00 AM;4,169;10/30/2018, 1:00:00 AM;1,489
10/31/2018, 1:00:00 AM;4,178;10/31/2018, 1:00:00 AM;1,495
11/1/2018, 1:00:00 AM;4,181;11/1/2018, 1:00:00 AM;1,496
11/2/2018, 1:00:00 AM;4,192;11/2/2018, 1:00:00 AM;1,500
11/3/2018, 1:00:00 AM;4,200;11/3/2018, 1:00:00 AM;1,505
11/4/2018, 1:00:00 AM;4,206;11/4/2018, 1:00:00 AM;1,510
11/5/2018, 1:00:00 AM;4,213;11/5/2018, 1:00:00 AM;1,513
11/6/2018, 1:00:00 AM;4,222;11/6/2018, 1:00:00 AM;1,520
11/7/2018, 1:00:00 AM;4,225;11/7/2018, 1:00:00 AM;1,520
11/8/2018, 1:00:00 AM;4,236;11/8/2018, 1:00:00 AM;1,524
11/9/2018, 1:00:00 AM;4,240;11/9/2018, 1:00:00 AM;1,528
11/10/2018, 1:00:00 AM;4,241;11/10/2018, 1:00:00 AM;1,529
11/11/2018, 1:00:00 AM;4,243;11/11/2018, 1:00:00 AM;1,533
11/12/2018, 1:00:00 AM;4,245;11/12/2018, 1:00:00 AM;1,537
11/13/2018, 1:00:00 AM;4,249;11/13/2018, 1:00:00 AM;1,540
11/14/2018, 1:00:00 AM;4,259;11/14/2018, 1:00:00 AM;1,544
11/15/2018, 1:00:00 AM;4,268;11/15/2018, 1:00:00 AM;1,551
11/16/2018, 1:00:00 AM;4,271;11/16/2018, 1:00:00 AM;1,555
11/17/2018, 1:00:00 AM;4,281;11/17/2018, 1:00:00 AM;1,559
11/18/2018, 1:00:00 AM;4,290;11/18/2018, 1:00:00 AM;1,568
11/19/2018, 1:00:00 AM;4,291;11/19/2018, 1:00:00 AM;1,573
11/20/2018, 1:00:00 AM;4,292;11/20/2018, 1:00:00 AM;1,580
11/21/2018, 1:00:00 AM;4,295;11/21/2018, 1:00:00 AM;1,589
11/22/2018, 1:00:00 AM;4,296;11/22/2018, 1:00:00 AM;1,599
11/23/2018, 1:00:00 AM;4,299;11/23/2018, 1:00:00 AM;1,607
11/24/2018, 1:00:00 AM;4,300;11/24/2018, 1:00:00 AM;1,618
11/25/2018, 1:00:00 AM;4,300;11/25/2018, 1:00:00 AM;1,624
11/26/2018, 1:00:00 AM;4,301;11/26/2018, 1:00:00 AM;1,631
11/27/2018, 1:00:00 AM;4,302;11/27/2018, 1:00:00 AM;1,639
11/28/2018, 1:00:00 AM;4,303;11/28/2018, 1:00:00 AM;1,649
11/29/2018, 1:00:00 AM;4,303;11/29/2018, 1:00:00 AM;1,653
11/30/2018, 1:00:00 AM;4,306;11/30/2018, 1:00:00 AM;1,657
12/1/2018, 1:00:00 AM;4,308;12/1/2018, 1:00:00 AM;1,661
12/2/2018, 1:00:00 AM;4,308;12/2/2018, 1:00:00 AM;1,666
12/3/2018, 1:00:00 AM;4,310;12/3/2018, 1:00:00 AM;1,669
12/4/2018, 1:00:00 AM;4,316;12/4/2018, 1:00:00 AM;1,674
12/5/2018, 1:00:00 AM;4,317;12/5/2018, 1:00:00 AM;1,682
12/6/2018, 1:00:00 AM;4,317;12/6/2018, 1:00:00 AM;1,687
12/7/2018, 1:00:00 AM;4,318;12/7/2018, 1:00:00 AM;1,691
12/8/2018, 1:00:00 AM;4,318;12/8/2018, 1:00:00 AM;1,698
12/9/2018, 1:00:00 AM;4,321;12/9/2018, 1:00:00 AM;1,703
12/10/2018, 1:00:00 AM;4,324;12/10/2018, 1:00:00 AM;1,711
12/11/2018, 1:00:00 AM;4,328;12/11/2018, 1:00:00 AM;1,718
12/12/2018, 1:00:00 AM;4,329;12/12/2018, 1:00:00 AM;1,727
12/13/2018, 1:00:00 AM;4,336;12/13/2018, 1:00:00 AM;1,735
12/14/2018, 1:00:00 AM;4,342;12/14/2018, 1:00:00 AM;1,744
12/15/2018, 1:00:00 AM;4,342;12/15/2018, 1:00:00 AM;1,754
12/16/2018, 1:00:00 AM;4,343;12/16/2018, 1:00:00 AM;1,763
12/17/2018, 1:00:00 AM;4,343;12/17/2018, 1:00:00 AM;1,771
12/18/2018, 1:00:00 AM;4,346;12/18/2018, 1:00:00 AM;1,776
12/19/2018, 1:00:00 AM;4,347;12/19/2018, 1:00:00 AM;1,784
12/20/2018, 1:00:00 AM;4,348;12/20/2018, 1:00:00 AM;1,789
12/21/2018, 1:00:00 AM;4,348;12/21/2018, 1:00:00 AM;1,794
12/22/2018, 1:00:00 AM;4,349;12/22/2018, 1:00:00 AM;1,799
12/23/2018, 1:00:00 AM;4,349;12/23/2018, 1:00:00 AM;1,805
12/24/2018, 1:00:00 AM;4,355;12/24/2018, 1:00:00 AM;1,809
12/25/2018, 1:00:00 AM;4,358;12/25/2018, 1:00:00 AM;1,816
12/26/2018, 1:00:00 AM;4,358;12/26/2018, 1:00:00 AM;1,823
12/27/2018, 1:00:00 AM;4,361;12/27/2018, 1:00:00 AM;1,831
12/28/2018, 1:00:00 AM;4,361;12/28/2018, 1:00:00 AM;1,841
12/29/2018, 1:00:00 AM;4,362;12/29/2018, 1:00:00 AM;1,848
12/30/2018, 1:00:00 AM;4,363;12/30/2018, 1:00:00 AM;1,853
12/31/2018, 1:00:00 AM;4,364;12/31/2018, 1:00:00 AM;1,859
1/1/2019, 1:00:00 AM;4,365;1/1/2019, 1:00:00 AM;1,865
1/2/2019, 1:00:00 AM;4,367;1/2/2019, 1:00:00 AM;1,872
1/3/2019, 1:00:00 AM;4,371;1/3/2019, 1:00:00 AM;1,878
1/4/2019, 1:00:00 AM;4,371;1/4/2019, 1:00:00 AM;1,885
1/5/2019, 1:00:00 AM;4,372;1/5/2019, 1:00:00 AM;1,891
1/6/2019, 1:00:00 AM;4,373;1/6/2019, 1:00:00 AM;1,900
1/7/2019, 1:00:00 AM;4,374;1/7/2019, 1:00:00 AM;1,905
1/8/2019, 1:00:00 AM;4,375;1/8/2019, 1:00:00 AM;1,915
1/9/2019, 1:00:00 AM;4,382;1/9/2019, 1:00:00 AM;1,921
1/10/2019, 1:00:00 AM;4,383;1/10/2019, 1:00:00 AM;1,932
1/11/2019, 1:00:00 AM;4,383;1/11/2019, 1:00:00 AM;1,940
1/12/2019, 1:00:00 AM;4,384;1/12/2019, 1:00:00 AM;1,949
1/13/2019, 1:00:00 AM;4,384;1/13/2019, 1:00:00 AM;1,953
1/14/2019, 1:00:00 AM;4,389;1/14/2019, 1:00:00 AM;1,962
1/15/2019, 1:00:00 AM;4,391;1/15/2019, 1:00:00 AM;1,968
1/16/2019, 1:00:00 AM;4,392;1/16/2019, 1:00:00 AM;1,978
1/17/2019, 1:00:00 AM;4,395;1/17/2019, 1:00:00 AM;1,986
1/18/2019, 1:00:00 AM;4,400;1/18/2019, 1:00:00 AM;1,996
1/19/2019, 1:00:00 AM;4,407;1/19/2019, 1:00:00 AM;2,002
1/20/2019, 1:00:00 AM;4,416;1/20/2019, 1:00:00 AM;2,011
1/21/2019, 1:00:00 AM;4,424;1/21/2019, 1:00:00 AM;2,020
1/22/2019, 1:00:00 AM;4,425;1/22/2019, 1:00:00 AM;2,032
1/23/2019, 1:00:00 AM;4,425;1/23/2019, 1:00:00 AM;2,043
1/24/2019, 1:00:00 AM;4,425;1/24/2019, 1:00:00 AM;2,055
1/25/2019, 1:00:00 AM;4,425;1/25/2019, 1:00:00 AM;2,064
1/26/2019, 1:00:00 AM;4,426;1/26/2019, 1:00:00 AM;2,072
1/27/2019, 1:00:00 AM;4,428;1/27/2019, 1:00:00 AM;2,078
1/28/2019, 1:00:00 AM;4,431;1/28/2019, 1:00:00 AM;2,086
1/29/2019, 1:00:00 AM;4,439;1/29/2019, 1:00:00 AM;2,096
1/30/2019, 1:00:00 AM;4,443;1/30/2019, 1:00:00 AM;2,108
1/31/2019, 1:00:00 AM;4,443;1/31/2019, 1:00:00 AM;2,115
2/1/2019, 1:00:00 AM;4,443;2/1/2019, 1:00:00 AM;2,125
2/2/2019, 1:00:00 AM;4,444;2/2/2019, 1:00:00 AM;2,134
2/3/2019, 1:00:00 AM;4,453;2/3/2019, 1:00:00 AM;2,144
2/4/2019, 1:00:00 AM;4,455;2/4/2019, 1:00:00 AM;2,152
2/5/2019, 1:00:00 AM;4,456;2/5/2019, 1:00:00 AM;2,158
2/6/2019, 1:00:00 AM;4,456;2/6/2019, 1:00:00 AM;2,168
2/7/2019, 1:00:00 AM;4,463;2/7/2019, 1:00:00 AM;2,175
2/8/2019, 1:00:00 AM;4,465;2/8/2019, 1:00:00 AM;2,180
2/9/2019, 1:00:00 AM;4,470;2/9/2019, 1:00:00 AM;2,186
2/10/2019, 1:00:00 AM;4,472;2/10/2019, 1:00:00 AM;2,193
2/11/2019, 1:00:00 AM;4,479;2/11/2019, 1:00:00 AM;2,201
2/12/2019, 1:00:00 AM;4,489;2/12/2019, 1:00:00 AM;2,208
2/13/2019, 1:00:00 AM;4,492;2/13/2019, 1:00:00 AM;2,214
2/14/2019, 1:00:00 AM;4,504;2/14/2019, 1:00:00 AM;2,221
2/15/2019, 1:00:00 AM;4,517;2/15/2019, 1:00:00 AM;2,226
2/16/2019, 1:00:00 AM;4,529;2/16/2019, 1:00:00 AM;2,234
2/17/2019, 1:00:00 AM;4,540;2/17/2019, 1:00:00 AM;2,241
2/18/2019, 1:00:00 AM;4,541;2/18/2019, 1:00:00 AM;2,244
2/19/2019, 1:00:00 AM;4,557;2/19/2019, 1:00:00 AM;2,252
2/20/2019, 1:00:00 AM;4,567;2/20/2019, 1:00:00 AM;2,259
2/21/2019, 1:00:00 AM;4,568;2/21/2019, 1:00:00 AM;2,264
2/22/2019, 1:00:00 AM;4,571;2/22/2019, 1:00:00 AM;2,269
2/23/2019, 1:00:00 AM;4,586;2/23/2019, 1:00:00 AM;2,276
2/24/2019, 1:00:00 AM;4,601;2/24/2019, 1:00:00 AM;2,281
2/25/2019, 1:00:00 AM;4,616;2/25/2019, 1:00:00 AM;2,288
2/26/2019, 1:00:00 AM;4,632;2/26/2019, 1:00:00 AM;2,290
2/27/2019, 1:00:00 AM;4,647;2/27/2019, 1:00:00 AM;2,296
2/28/2019, 1:00:00 AM;4,653;2/28/2019, 1:00:00 AM;2,300
3/1/2019, 1:00:00 AM;4,655;3/1/2019, 1:00:00 AM;2,307
3/2/2019, 1:00:00 AM;4,661;3/2/2019, 1:00:00 AM;2,312
3/3/2019, 1:00:00 AM;4,663;3/3/2019, 1:00:00 AM;2,317
3/4/2019, 1:00:00 AM;4,672;3/4/2019, 1:00:00 AM;2,322
3/5/2019, 1:00:00 AM;4,684;3/5/2019, 1:00:00 AM;2,327
3/6/2019, 1:00:00 AM;4,687;3/6/2019, 1:00:00 AM;2,332
3/7/2019, 1:00:00 AM;4,697;3/7/2019, 1:00:00 AM;2,337
3/8/2019, 1:00:00 AM;4,708;3/8/2019, 1:00:00 AM;2,345
3/9/2019, 1:00:00 AM;4,714;3/9/2019, 1:00:00 AM;2,350
3/10/2019, 1:00:00 AM;4,716;3/10/2019, 1:00:00 AM;2,358
3/11/2019, 1:00:00 AM;4,725;3/11/2019, 1:00:00 AM;2,365
3/12/2019, 1:00:00 AM;4,728;3/12/2019, 1:00:00 AM;2,371
3/13/2019, 1:00:00 AM;4,730;3/13/2019, 1:00:00 AM;2,381
3/14/2019, 1:00:00 AM;4,733;3/14/2019, 1:00:00 AM;2,384
3/15/2019, 1:00:00 AM;4,736;3/15/2019, 1:00:00 AM;2,394
3/16/2019, 1:00:00 AM;4,738;3/16/2019, 1:00:00 AM;2,403
3/17/2019, 1:00:00 AM;4,749;3/17/2019, 1:00:00 AM;2,411
3/18/2019, 1:00:00 AM;4,760;3/18/2019, 1:00:00 AM;2,415
3/19/2019, 1:00:00 AM;4,772;3/19/2019, 1:00:00 AM;2,421
3/20/2019, 1:00:00 AM;4,776;3/20/2019, 1:00:00 AM;2,426
3/21/2019, 1:00:00 AM;4,783;3/21/2019, 1:00:00 AM;2,432
3/22/2019, 1:00:00 AM;4,787;3/22/2019, 1:00:00 AM;2,437
3/23/2019, 1:00:00 AM;4,799;3/23/2019, 1:00:00 AM;2,441
3/24/2019, 1:00:00 AM;4,818;3/24/2019, 1:00:00 AM;2,450
3/25/2019, 1:00:00 AM;4,827;3/25/2019, 1:00:00 AM;2,457
3/26/2019, 1:00:00 AM;4,834;3/26/2019, 1:00:00 AM;2,463
3/27/2019, 1:00:00 AM;4,843;3/27/2019, 1:00:00 AM;2,468
3/28/2019, 1:00:00 AM;4,847;3/28/2019, 1:00:00 AM;2,477
3/29/2019, 1:00:00 AM;4,866;3/29/2019, 1:00:00 AM;2,480
3/30/2019, 1:00:00 AM;4,882;3/30/2019, 1:00:00 AM;2,486
3/31/2019, 1:00:00 AM;4,895;3/31/2019, 1:00:00 AM;2,488
4/1/2019, 2:00:00 AM;4,916;4/1/2019, 2:00:00 AM;2,492
4/2/2019, 2:00:00 AM;4,925;4/2/2019, 2:00:00 AM;2,495
4/3/2019, 2:00:00 AM;4,933;4/3/2019, 2:00:00 AM;2,499
4/4/2019, 2:00:00 AM;4,942;4/4/2019, 2:00:00 AM;2,506
4/5/2019, 2:00:00 AM;4,958;4/5/2019, 2:00:00 AM;2,511
4/6/2019, 2:00:00 AM;4,968;4/6/2019, 2:00:00 AM;2,516
4/7/2019, 2:00:00 AM;4,984;4/7/2019, 2:00:00 AM;2,519
4/8/2019, 2:00:00 AM;4,999;4/8/2019, 2:00:00 AM;2,520
4/9/2019, 2:00:00 AM;5,018;4/9/2019, 2:00:00 AM;2,525
4/10/2019, 2:00:00 AM;5,040;4/10/2019, 2:00:00 AM;2,531
4/11/2019, 2:00:00 AM;5,058;4/11/2019, 2:00:00 AM;2,534
4/12/2019, 2:00:00 AM;5,068;4/12/2019, 2:00:00 AM;2,538
4/13/2019, 2:00:00 AM;5,085;4/13/2019, 2:00:00 AM;2,546
4/14/2019, 2:00:00 AM;5,103;4/14/2019, 2:00:00 AM;2,552
4/15/2019, 2:00:00 AM;5,123;4/15/2019, 2:00:00 AM;2,557
4/16/2019, 2:00:00 AM;5,142;4/16/2019, 2:00:00 AM;2,560
4/17/2019, 2:00:00 AM;5,150;4/17/2019, 2:00:00 AM;2,563
4/18/2019, 2:00:00 AM;5,164;4/18/2019, 2:00:00 AM;2,564
4/19/2019, 2:00:00 AM;5,191;4/19/2019, 2:00:00 AM;2,567
4/20/2019, 2:00:00 AM;5,212;4/20/2019, 2:00:00 AM;2,569
4/21/2019, 2:00:00 AM;5,220;4/21/2019, 2:00:00 AM;2,574
4/22/2019, 2:00:00 AM;5,253;4/22/2019, 2:00:00 AM;2,575
4/23/2019, 2:00:00 AM;5,271;4/23/2019, 2:00:00 AM;2,576
4/24/2019, 2:00:00 AM;5,287;4/24/2019, 2:00:00 AM;2,578
4/25/2019, 2:00:00 AM;5,296;4/25/2019, 2:00:00 AM;2,583
4/26/2019, 2:00:00 AM;5,312;4/26/2019, 2:00:00 AM;2,583
4/27/2019, 2:00:00 AM;5,322;4/27/2019, 2:00:00 AM;2,585
4/28/2019, 2:00:00 AM;5,337;4/28/2019, 2:00:00 AM;2,588
4/29/2019, 2:00:00 AM;5,356;4/29/2019, 2:00:00 AM;2,591
4/30/2019, 2:00:00 AM;5,361;4/30/2019, 2:00:00 AM;2,592
5/1/2019, 2:00:00 AM;5,380;5/1/2019, 2:00:00 AM;2,596
5/2/2019, 2:00:00 AM;5,389;5/2/2019, 2:00:00 AM;2,599
5/3/2019, 2:00:00 AM;5,400;5/3/2019, 2:00:00 AM;2,603
5/4/2019, 2:00:00 AM;5,417;5/4/2019, 2:00:00 AM;2,607
5/5/2019, 2:00:00 AM;5,431;5/5/2019, 2:00:00 AM;2,612
5/6/2019, 2:00:00 AM;5,441;5/6/2019, 2:00:00 AM;2,617
5/7/2019, 2:00:00 AM;5,454;5/7/2019, 2:00:00 AM;2,620
5/8/2019, 2:00:00 AM;5,461;5/8/2019, 2:00:00 AM;2,624
5/9/2019, 2:00:00 AM;5,477;5/9/2019, 2:00:00 AM;2,627
5/10/2019, 2:00:00 AM;5,489;5/10/2019, 2:00:00 AM;2,630
5/11/2019, 2:00:00 AM;5,511;5/11/2019, 2:00:00 AM;2,634
5/12/2019, 2:00:00 AM;5,529;5/12/2019, 2:00:00 AM;2,638
5/13/2019, 2:00:00 AM;5,552;5/13/2019, 2:00:00 AM;2,643
5/14/2019, 2:00:00 AM;5,576;5/14/2019, 2:00:00 AM;2,648
5/15/2019, 2:00:00 AM;5,599;5/15/2019, 2:00:00 AM;2,652
5/16/2019, 2:00:00 AM;5,616;5/16/2019, 2:00:00 AM;2,655
5/17/2019, 2:00:00 AM;5,626;5/17/2019, 2:00:00 AM;2,659
5/18/2019, 2:00:00 AM;5,645;5/18/2019, 2:00:00 AM;2,661
5/19/2019, 2:00:00 AM;5,662;5/19/2019, 2:00:00 AM;2,663
5/20/2019, 2:00:00 AM;5,667;5/20/2019, 2:00:00 AM;2,665
5/21/2019, 2:00:00 AM;5,670;5/21/2019, 2:00:00 AM;2,667
5/22/2019, 2:00:00 AM;5,690;5/22/2019, 2:00:00 AM;2,669
5/23/2019, 2:00:00 AM;5,712;5/23/2019, 2:00:00 AM;2,671
5/24/2019, 2:00:00 AM;5,735;5/24/2019, 2:00:00 AM;2,674
5/25/2019, 2:00:00 AM;5,751;5/25/2019, 2:00:00 AM;2,677
5/26/2019, 2:00:00 AM;5,751;5/26/2019, 2:00:00 AM;2,678
5/28/2019, 2:00:00 AM;5,792;5/28/2019, 2:00:00 AM;2,684
5/29/2019, 2:00:00 AM;5,812;5/29/2019, 2:00:00 AM;2,685
5/30/2019, 2:00:00 AM;5,823;5/30/2019, 2:00:00 AM;2,688
5/31/2019, 2:00:00 AM;5,837;5/31/2019, 2:00:00 AM;2,689
6/1/2019, 2:00:00 AM;5,859;6/1/2019, 2:00:00 AM;2,690
6/2/2019, 2:00:00 AM;5,877;6/2/2019, 2:00:00 AM;2,692
6/3/2019, 2:00:00 AM;5,891;6/3/2019, 2:00:00 AM;2,695
6/4/2019, 2:00:00 AM;5,905;6/4/2019, 2:00:00 AM;2,697
6/5/2019, 2:00:00 AM;5,913;6/5/2019, 2:00:00 AM;2,701
6/6/2019, 2:00:00 AM;5,930;6/6/2019, 2:00:00 AM;2,703
6/7/2019, 2:00:00 AM;5,943;6/7/2019, 2:00:00 AM;2,705
6/8/2019, 2:00:00 AM;5,953;6/8/2019, 2:00:00 AM;2,706
6/9/2019, 2:00:00 AM;5,969;6/9/2019, 2:00:00 AM;2,707
6/10/2019, 2:00:00 AM;5,984;6/10/2019, 2:00:00 AM;2,709
6/11/2019, 2:00:00 AM;6,002;6/11/2019, 2:00:00 AM;2,711
6/12/2019, 2:00:00 AM;6,008;6/12/2019, 2:00:00 AM;2,714
6/13/2019, 2:00:00 AM;6,020;6/13/2019, 2:00:00 AM;2,716
6/14/2019, 2:00:00 AM;6,038;6/14/2019, 2:00:00 AM;2,719
6/15/2019, 2:00:00 AM;6,046;6/15/2019, 2:00:00 AM;2,720
6/16/2019, 2:00:00 AM;6,063;6/16/2019, 2:00:00 AM;2,721
6/17/2019, 2:00:00 AM;6,084;6/17/2019, 2:00:00 AM;2,723
6/18/2019, 2:00:00 AM;6,104;6/18/2019, 2:00:00 AM;2,725
6/19/2019, 2:00:00 AM;6,116;6/19/2019, 2:00:00 AM;2,728
6/20/2019, 2:00:00 AM;6,131;6/20/2019, 2:00:00 AM;2,730
6/21/2019, 2:00:00 AM;6,150;6/21/2019, 2:00:00 AM;2,733
6/22/2019, 2:00:00 AM;6,171;6/22/2019, 2:00:00 AM;2,735
6/23/2019, 2:00:00 AM;6,191;6/23/2019, 2:00:00 AM;2,738
6/24/2019, 2:00:00 AM;6,212;6/24/2019, 2:00:00 AM;2,739
6/25/2019, 2:00:00 AM;6,232;6/25/2019, 2:00:00 AM;2,742
6/26/2019, 2:00:00 AM;6,248;6/26/2019, 2:00:00 AM;2,744
6/27/2019, 2:00:00 AM;6,272;6/27/2019, 2:00:00 AM;2,746
6/28/2019, 2:00:00 AM;6,294;6/28/2019, 2:00:00 AM;2,748
6/29/2019, 2:00:00 AM;6,317;6/29/2019, 2:00:00 AM;2,750
6/30/2019, 2:00:00 AM;6,336;6/30/2019, 2:00:00 AM;2,752
7/1/2019, 2:00:00 AM;6,355;7/1/2019, 2:00:00 AM;2,754
7/2/2019, 2:00:00 AM;6,372;7/2/2019, 2:00:00 AM;2,756
7/3/2019, 2:00:00 AM;6,388;7/3/2019, 2:00:00 AM;2,758
7/4/2019, 2:00:00 AM;6,391;7/4/2019, 2:00:00 AM;2,760
7/5/2019, 2:00:00 AM;6,432;7/5/2019, 2:00:00 AM;2,763
7/6/2019, 2:00:00 AM;6,444;7/6/2019, 2:00:00 AM;2,765
7/7/2019, 2:00:00 AM;6,457;7/7/2019, 2:00:00 AM;2,767
7/8/2019, 2:00:00 AM;6,468;7/8/2019, 2:00:00 AM;2,768
7/9/2019, 2:00:00 AM;6,488;7/9/2019, 2:00:00 AM;2,770
7/10/2019, 2:00:00 AM;6,497;7/10/2019, 2:00:00 AM;2,772
7/11/2019, 2:00:00 AM;6,499;7/11/2019, 2:00:00 AM;2,774
7/12/2019, 2:00:00 AM;6,522;7/12/2019, 2:00:00 AM;2,777
7/13/2019, 2:00:00 AM;6,532;7/13/2019, 2:00:00 AM;2,779
7/14/2019, 2:00:00 AM;6,543;7/14/2019, 2:00:00 AM;2,780
7/15/2019, 2:00:00 AM;6,551;7/15/2019, 2:00:00 AM;2,783
7/16/2019, 2:00:00 AM;6,561;7/16/2019, 2:00:00 AM;2,784
7/17/2019, 2:00:00 AM;6,580;7/17/2019, 2:00:00 AM;2,786
7/18/2019, 2:00:00 AM;6,593;7/18/2019, 2:00:00 AM;2,788
7/19/2019, 2:00:00 AM;6,608;7/19/2019, 2:00:00 AM;2,790
7/20/2019, 2:00:00 AM;6,618;7/20/2019, 2:00:00 AM;2,793
7/21/2019, 2:00:00 AM;6,637;7/21/2019, 2:00:00 AM;2,794
7/22/2019, 2:00:00 AM;6,659;7/22/2019, 2:00:00 AM;2,796
7/23/2019, 2:00:00 AM;6,680;7/23/2019, 2:00:00 AM;2,798
7/24/2019, 2:00:00 AM;6,695;7/24/2019, 2:00:00 AM;2,799
7/25/2019, 2:00:00 AM;6,720;7/25/2019, 2:00:00 AM;2,802
7/26/2019, 2:00:00 AM;6,739;7/26/2019, 2:00:00 AM;2,804
7/27/2019, 2:00:00 AM;6,756;7/27/2019, 2:00:00 AM;2,806
7/28/2019, 2:00:00 AM;6,764;7/28/2019, 2:00:00 AM;2,808
7/29/2019, 2:00:00 AM;6,784;7/29/2019, 2:00:00 AM;2,809
7/30/2019, 2:00:00 AM;6,803;7/30/2019, 2:00:00 AM;2,811
7/31/2019, 2:00:00 AM;6,813;7/31/2019, 2:00:00 AM;2,811
