Date Time;Time inactive;Date Time;Time cooling;Date Time;Time heating;Date Time;Time hot water
8/1/2018, 12:00:00 PM;0;8/1/2018, 12:00:00 PM;23.46;8/1/2018, 12:00:00 PM;0;8/1/2018, 12:00:00 PM;0.52
8/2/2018, 12:00:00 PM;0;8/2/2018, 12:00:00 PM;24;8/2/2018, 12:00:00 PM;0;8/2/2018, 12:00:00 PM;0
8/3/2018, 12:00:00 PM;0;8/3/2018, 12:00:00 PM;23.46;8/3/2018, 12:00:00 PM;0;8/3/2018, 12:00:00 PM;0.52
8/4/2018, 12:00:00 PM;0;8/4/2018, 12:00:00 PM;24;8/4/2018, 12:00:00 PM;0;8/4/2018, 12:00:00 PM;0
8/5/2018, 12:00:00 PM;0;8/5/2018, 12:00:00 PM;23.46;8/5/2018, 12:00:00 PM;0;8/5/2018, 12:00:00 PM;0.52
8/6/2018, 12:00:00 PM;0;8/6/2018, 12:00:00 PM;24;8/6/2018, 12:00:00 PM;0;8/6/2018, 12:00:00 PM;0
8/7/2018, 12:00:00 PM;0;8/7/2018, 12:00:00 PM;23.46;8/7/2018, 12:00:00 PM;0;8/7/2018, 12:00:00 PM;0.52
8/8/2018, 12:00:00 PM;0;8/8/2018, 12:00:00 PM;24;8/8/2018, 12:00:00 PM;0;8/8/2018, 12:00:00 PM;0
8/9/2018, 12:00:00 PM;0;8/9/2018, 12:00:00 PM;23.46;8/9/2018, 12:00:00 PM;0;8/9/2018, 12:00:00 PM;0.52
8/10/2018, 12:00:00 PM;0;8/10/2018, 12:00:00 PM;24;8/10/2018, 12:00:00 PM;0;8/10/2018, 12:00:00 PM;0
8/11/2018, 12:00:00 PM;0;8/11/2018, 12:00:00 PM;22.84;8/11/2018, 12:00:00 PM;0;8/11/2018, 12:00:00 PM;1.12
8/12/2018, 12:00:00 PM;0;8/12/2018, 12:00:00 PM;1.86;8/12/2018, 12:00:00 PM;0;8/12/2018, 12:00:00 PM;2.1
8/13/2018, 12:00:00 PM;0;8/13/2018, 12:00:00 PM;18;8/13/2018, 12:00:00 PM;0;8/13/2018, 12:00:00 PM;0
8/14/2018, 12:00:00 PM;0;8/14/2018, 12:00:00 PM;22;8/14/2018, 12:00:00 PM;0;8/14/2018, 12:00:00 PM;1.96
8/15/2018, 12:00:00 PM;0;8/15/2018, 12:00:00 PM;23.16;8/15/2018, 12:00:00 PM;0;8/15/2018, 12:00:00 PM;0.82
8/16/2018, 12:00:00 PM;0;8/16/2018, 12:00:00 PM;22.84;8/16/2018, 12:00:00 PM;0;8/16/2018, 12:00:00 PM;1.12
8/17/2018, 12:00:00 PM;0;8/17/2018, 12:00:00 PM;22.7;8/17/2018, 12:00:00 PM;0;8/17/2018, 12:00:00 PM;1.26
8/18/2018, 12:00:00 PM;0;8/18/2018, 12:00:00 PM;22.48;8/18/2018, 12:00:00 PM;0;8/18/2018, 12:00:00 PM;1.48
8/19/2018, 12:00:00 PM;0;8/19/2018, 12:00:00 PM;22.62;8/19/2018, 12:00:00 PM;0;8/19/2018, 12:00:00 PM;1.34
8/20/2018, 12:00:00 PM;0;8/20/2018, 12:00:00 PM;22.36;8/20/2018, 12:00:00 PM;0;8/20/2018, 12:00:00 PM;1.6
8/21/2018, 12:00:00 PM;0;8/21/2018, 12:00:00 PM;22.04;8/21/2018, 12:00:00 PM;0;8/21/2018, 12:00:00 PM;1.92
8/22/2018, 12:00:00 PM;0;8/22/2018, 12:00:00 PM;21.08;8/22/2018, 12:00:00 PM;0;8/22/2018, 12:00:00 PM;2.84
8/23/2018, 12:00:00 PM;0;8/23/2018, 12:00:00 PM;24;8/23/2018, 12:00:00 PM;0;8/23/2018, 12:00:00 PM;0
8/24/2018, 12:00:00 PM;0;8/24/2018, 12:00:00 PM;21.98;8/24/2018, 12:00:00 PM;0;8/24/2018, 12:00:00 PM;1.98
8/25/2018, 12:00:00 PM;0;8/25/2018, 12:00:00 PM;22.28;8/25/2018, 12:00:00 PM;0;8/25/2018, 12:00:00 PM;1.68
8/26/2018, 12:00:00 PM;0;8/26/2018, 12:00:00 PM;22.66;8/26/2018, 12:00:00 PM;0;8/26/2018, 12:00:00 PM;1.3
8/27/2018, 12:00:00 PM;0;8/27/2018, 12:00:00 PM;22.34;8/27/2018, 12:00:00 PM;0;8/27/2018, 12:00:00 PM;1.62
8/28/2018, 12:00:00 PM;0;8/28/2018, 12:00:00 PM;22.48;8/28/2018, 12:00:00 PM;0;8/28/2018, 12:00:00 PM;1.48
8/29/2018, 12:00:00 PM;0;8/29/2018, 12:00:00 PM;22.3;8/29/2018, 12:00:00 PM;0;8/29/2018, 12:00:00 PM;1.66
8/30/2018, 12:00:00 PM;0;8/30/2018, 12:00:00 PM;20.86;8/30/2018, 12:00:00 PM;0;8/30/2018, 12:00:00 PM;1.12
8/31/2018, 12:00:00 PM;0;8/31/2018, 12:00:00 PM;22.08;8/31/2018, 12:00:00 PM;0;8/31/2018, 12:00:00 PM;1.88
9/1/2018, 12:00:00 PM;3.66;9/1/2018, 12:00:00 PM;18.64;9/1/2018, 12:00:00 PM;0;9/1/2018, 12:00:00 PM;1.62
9/2/2018, 12:00:00 PM;0;9/2/2018, 12:00:00 PM;22.32;9/2/2018, 12:00:00 PM;0;9/2/2018, 12:00:00 PM;1.64
9/3/2018, 12:00:00 PM;0;9/3/2018, 12:00:00 PM;22.04;9/3/2018, 12:00:00 PM;0;9/3/2018, 12:00:00 PM;1.92
9/4/2018, 12:00:00 PM;0;9/4/2018, 12:00:00 PM;22.94;9/4/2018, 12:00:00 PM;0;9/4/2018, 12:00:00 PM;1.02
9/5/2018, 12:00:00 PM;0;9/5/2018, 12:00:00 PM;21.96;9/5/2018, 12:00:00 PM;0;9/5/2018, 12:00:00 PM;2
9/6/2018, 12:00:00 PM;0;9/6/2018, 12:00:00 PM;21.38;9/6/2018, 12:00:00 PM;0;9/6/2018, 12:00:00 PM;2.58
9/7/2018, 12:00:00 PM;0;9/7/2018, 12:00:00 PM;23.42;9/7/2018, 12:00:00 PM;0;9/7/2018, 12:00:00 PM;0.56
9/8/2018, 12:00:00 PM;0;9/8/2018, 12:00:00 PM;20.16;9/8/2018, 12:00:00 PM;0;9/8/2018, 12:00:00 PM;3.78
9/9/2018, 12:00:00 PM;0;9/9/2018, 12:00:00 PM;24;9/9/2018, 12:00:00 PM;0;9/9/2018, 12:00:00 PM;0
9/10/2018, 12:00:00 PM;0;9/10/2018, 12:00:00 PM;21.74;9/10/2018, 12:00:00 PM;0;9/10/2018, 12:00:00 PM;2.22
9/11/2018, 12:00:00 PM;0;9/11/2018, 12:00:00 PM;21.92;9/11/2018, 12:00:00 PM;0;9/11/2018, 12:00:00 PM;2.04
9/12/2018, 12:00:00 PM;0;9/12/2018, 12:00:00 PM;23.18;9/12/2018, 12:00:00 PM;0;9/12/2018, 12:00:00 PM;0.8
9/13/2018, 12:00:00 PM;0;9/13/2018, 12:00:00 PM;20.26;9/13/2018, 12:00:00 PM;0;9/13/2018, 12:00:00 PM;3.66
9/14/2018, 12:00:00 PM;5.26;9/14/2018, 12:00:00 PM;17.12;9/14/2018, 12:00:00 PM;0;9/14/2018, 12:00:00 PM;1.54
9/15/2018, 12:00:00 PM;0;9/15/2018, 12:00:00 PM;21.6;9/15/2018, 12:00:00 PM;0;9/15/2018, 12:00:00 PM;2.36
9/16/2018, 12:00:00 PM;0;9/16/2018, 12:00:00 PM;21.8;9/16/2018, 12:00:00 PM;0;9/16/2018, 12:00:00 PM;2.16
9/17/2018, 12:00:00 PM;0;9/17/2018, 12:00:00 PM;22.44;9/17/2018, 12:00:00 PM;0;9/17/2018, 12:00:00 PM;1.52
9/18/2018, 12:00:00 PM;0;9/18/2018, 12:00:00 PM;22.34;9/18/2018, 12:00:00 PM;0;9/18/2018, 12:00:00 PM;1.62
9/19/2018, 12:00:00 PM;0;9/19/2018, 12:00:00 PM;22.48;9/19/2018, 12:00:00 PM;0;9/19/2018, 12:00:00 PM;1.48
9/20/2018, 12:00:00 PM;0;9/20/2018, 12:00:00 PM;22;9/20/2018, 12:00:00 PM;0;9/20/2018, 12:00:00 PM;1.96
9/21/2018, 12:00:00 PM;0;9/21/2018, 12:00:00 PM;22.44;9/21/2018, 12:00:00 PM;0;9/21/2018, 12:00:00 PM;1.52
9/22/2018, 12:00:00 PM;0;9/22/2018, 12:00:00 PM;22;9/22/2018, 12:00:00 PM;0;9/22/2018, 12:00:00 PM;1.96
9/23/2018, 12:00:00 PM;8.48;9/23/2018, 12:00:00 PM;10.58;9/23/2018, 12:00:00 PM;0.78;9/23/2018, 12:00:00 PM;4.04
9/24/2018, 12:00:00 PM;21.6;9/24/2018, 12:00:00 PM;0;9/24/2018, 12:00:00 PM;1.8;9/24/2018, 12:00:00 PM;0.52
9/25/2018, 12:00:00 PM;21.58;9/25/2018, 12:00:00 PM;0;9/25/2018, 12:00:00 PM;0;9/25/2018, 12:00:00 PM;2.38
9/26/2018, 12:00:00 PM;2.92;9/26/2018, 12:00:00 PM;0;9/26/2018, 12:00:00 PM;0;9/26/2018, 12:00:00 PM;1.04
9/27/2018, 12:00:00 PM;9.84;9/27/2018, 12:00:00 PM;10.12;9/27/2018, 12:00:00 PM;0;9/27/2018, 12:00:00 PM;0
9/28/2018, 12:00:00 PM;16.98;9/28/2018, 12:00:00 PM;5.74;9/28/2018, 12:00:00 PM;0;9/28/2018, 12:00:00 PM;1.2
9/29/2018, 12:00:00 PM;21.62;9/29/2018, 12:00:00 PM;0;9/29/2018, 12:00:00 PM;1.44;9/29/2018, 12:00:00 PM;0.86
9/30/2018, 12:00:00 PM;19.88;9/30/2018, 12:00:00 PM;0;9/30/2018, 12:00:00 PM;1.68;9/30/2018, 12:00:00 PM;2.36
10/1/2018, 12:00:00 PM;22.9;10/1/2018, 12:00:00 PM;0;10/1/2018, 12:00:00 PM;0;10/1/2018, 12:00:00 PM;1.06
10/2/2018, 12:00:00 PM;19.46;10/2/2018, 12:00:00 PM;0;10/2/2018, 12:00:00 PM;3.28;10/2/2018, 12:00:00 PM;1.12
10/3/2018, 12:00:00 PM;20.14;10/3/2018, 12:00:00 PM;0;10/3/2018, 12:00:00 PM;0.76;10/3/2018, 12:00:00 PM;3
10/4/2018, 12:00:00 PM;23.34;10/4/2018, 12:00:00 PM;0;10/4/2018, 12:00:00 PM;0;10/4/2018, 12:00:00 PM;2.6
10/5/2018, 12:00:00 PM;12.713;10/5/2018, 12:00:00 PM;9.084;10/5/2018, 12:00:00 PM;0;10/5/2018, 12:00:00 PM;0
10/6/2018, 12:00:00 PM;12.28;10/6/2018, 12:00:00 PM;10.26;10/6/2018, 12:00:00 PM;0;10/6/2018, 12:00:00 PM;1.4
10/7/2018, 12:00:00 PM;10;10/7/2018, 12:00:00 PM;12.62;10/7/2018, 12:00:00 PM;0;10/7/2018, 12:00:00 PM;1.28
10/8/2018, 12:00:00 PM;22.08;10/8/2018, 12:00:00 PM;0;10/8/2018, 12:00:00 PM;0;10/8/2018, 12:00:00 PM;1.88
10/9/2018, 12:00:00 PM;11.2;10/9/2018, 12:00:00 PM;9.02;10/9/2018, 12:00:00 PM;0;10/9/2018, 12:00:00 PM;1.72
10/10/2018, 12:00:00 PM;13.5;10/10/2018, 12:00:00 PM;9.06;10/10/2018, 12:00:00 PM;0;10/10/2018, 12:00:00 PM;1.38
10/11/2018, 12:00:00 PM;0;10/11/2018, 12:00:00 PM;19.64;10/11/2018, 12:00:00 PM;0;10/11/2018, 12:00:00 PM;2.32
10/12/2018, 12:00:00 PM;0;10/12/2018, 12:00:00 PM;22.68;10/12/2018, 12:00:00 PM;0;10/12/2018, 12:00:00 PM;1.28
10/13/2018, 12:00:00 PM;0;10/13/2018, 12:00:00 PM;24.56;10/13/2018, 12:00:00 PM;0;10/13/2018, 12:00:00 PM;3.38
10/14/2018, 12:00:00 PM;0;10/14/2018, 12:00:00 PM;22;10/14/2018, 12:00:00 PM;0;10/14/2018, 12:00:00 PM;0
10/15/2018, 12:00:00 PM;0;10/15/2018, 12:00:00 PM;23.92;10/15/2018, 12:00:00 PM;0;10/15/2018, 12:00:00 PM;2.02
10/16/2018, 12:00:00 PM;0;10/16/2018, 12:00:00 PM;20.92;10/16/2018, 12:00:00 PM;0;10/16/2018, 12:00:00 PM;1.06
10/17/2018, 12:00:00 PM;0;10/17/2018, 12:00:00 PM;23.98;10/17/2018, 12:00:00 PM;0;10/17/2018, 12:00:00 PM;1.96
10/18/2018, 12:00:00 PM;2;10/18/2018, 12:00:00 PM;15.68;10/18/2018, 12:00:00 PM;0;10/18/2018, 12:00:00 PM;4.28
10/19/2018, 12:00:00 PM;16.68;10/19/2018, 12:00:00 PM;4.78;10/19/2018, 12:00:00 PM;0;10/19/2018, 12:00:00 PM;2.46
10/20/2018, 12:00:00 PM;24;10/20/2018, 12:00:00 PM;0;10/20/2018, 12:00:00 PM;0;10/20/2018, 12:00:00 PM;0
10/21/2018, 12:00:00 PM;21.44;10/21/2018, 12:00:00 PM;0;10/21/2018, 12:00:00 PM;0.793;10/21/2018, 12:00:00 PM;1.507
10/22/2018, 12:00:00 PM;23.06;10/22/2018, 12:00:00 PM;0;10/22/2018, 12:00:00 PM;0;10/22/2018, 12:00:00 PM;0.92
10/23/2018, 12:00:00 PM;23.06;10/23/2018, 12:00:00 PM;0;10/23/2018, 12:00:00 PM;0;10/23/2018, 12:00:00 PM;0.92
10/24/2018, 12:00:00 PM;21.86;10/24/2018, 12:00:00 PM;0;10/24/2018, 12:00:00 PM;0;10/24/2018, 12:00:00 PM;2.1
10/25/2018, 12:00:00 PM;21.64;10/25/2018, 12:00:00 PM;0;10/25/2018, 12:00:00 PM;0.86;10/25/2018, 12:00:00 PM;1.42
10/26/2018, 12:00:00 PM;10.1;10/26/2018, 12:00:00 PM;0;10/26/2018, 12:00:00 PM;0.74;10/26/2018, 12:00:00 PM;3.04
10/27/2018, 12:00:00 PM;9.3;10/27/2018, 12:00:00 PM;0;10/27/2018, 12:00:00 PM;1.68;10/27/2018, 12:00:00 PM;0.94
10/28/2018, 12:00:00 PM;19.58;10/28/2018, 12:00:00 PM;0;10/28/2018, 12:00:00 PM;3.66;10/28/2018, 12:00:00 PM;0.64
10/29/2018, 12:00:00 PM;16.24;10/29/2018, 12:00:00 PM;0;10/29/2018, 12:00:00 PM;5.98;10/29/2018, 12:00:00 PM;1.58
10/30/2018, 12:00:00 PM;15.3;10/30/2018, 12:00:00 PM;0;10/30/2018, 12:00:00 PM;6.3;10/30/2018, 12:00:00 PM;2.2
10/31/2018, 12:00:00 PM;18.1;10/31/2018, 12:00:00 PM;0;10/31/2018, 12:00:00 PM;2.62;10/31/2018, 12:00:00 PM;3.14
11/1/2018, 12:00:00 PM;23.88;11/1/2018, 12:00:00 PM;0;11/1/2018, 12:00:00 PM;1.66;11/1/2018, 12:00:00 PM;0.38
11/2/2018, 12:00:00 PM;19.14;11/2/2018, 12:00:00 PM;0;11/2/2018, 12:00:00 PM;2.94;11/2/2018, 12:00:00 PM;1.8
11/3/2018, 12:00:00 PM;18.38;11/3/2018, 12:00:00 PM;0;11/3/2018, 12:00:00 PM;4.46;11/3/2018, 12:00:00 PM;1
11/4/2018, 12:00:00 PM;4.44;11/4/2018, 12:00:00 PM;0;11/4/2018, 12:00:00 PM;3.16;11/4/2018, 12:00:00 PM;2.28
11/5/2018, 12:00:00 PM;11.06;11/5/2018, 12:00:00 PM;0;11/5/2018, 12:00:00 PM;0.9;11/5/2018, 12:00:00 PM;0
11/6/2018, 12:00:00 PM;18.02;11/6/2018, 12:00:00 PM;0;11/6/2018, 12:00:00 PM;1.82;11/6/2018, 12:00:00 PM;4.06
11/7/2018, 12:00:00 PM;22.38;11/7/2018, 12:00:00 PM;0;11/7/2018, 12:00:00 PM;1.58;11/7/2018, 12:00:00 PM;0
11/8/2018, 12:00:00 PM;20.62;11/8/2018, 12:00:00 PM;0;11/8/2018, 12:00:00 PM;1.58;11/8/2018, 12:00:00 PM;1.72
11/9/2018, 12:00:00 PM;20.08;11/9/2018, 12:00:00 PM;0;11/9/2018, 12:00:00 PM;2.44;11/9/2018, 12:00:00 PM;1.36
11/10/2018, 12:00:00 PM;21.68;11/10/2018, 12:00:00 PM;0;11/10/2018, 12:00:00 PM;1.54;11/10/2018, 12:00:00 PM;0.72
11/11/2018, 12:00:00 PM;19.56;11/11/2018, 12:00:00 PM;0;11/11/2018, 12:00:00 PM;2.2;11/11/2018, 12:00:00 PM;2.1
11/12/2018, 12:00:00 PM;20.1;11/12/2018, 12:00:00 PM;0;11/12/2018, 12:00:00 PM;2.62;11/12/2018, 12:00:00 PM;1.14
11/13/2018, 12:00:00 PM;20.44;11/13/2018, 12:00:00 PM;0;11/13/2018, 12:00:00 PM;1.66;11/13/2018, 12:00:00 PM;1.82
11/14/2018, 12:00:00 PM;19.28;11/14/2018, 12:00:00 PM;0;11/14/2018, 12:00:00 PM;3.2;11/14/2018, 12:00:00 PM;1.4
11/15/2018, 12:00:00 PM;16.64;11/15/2018, 12:00:00 PM;0;11/15/2018, 12:00:00 PM;2.56;11/15/2018, 12:00:00 PM;4.66
11/16/2018, 12:00:00 PM;18.54;11/16/2018, 12:00:00 PM;0;11/16/2018, 12:00:00 PM;5.3;11/16/2018, 12:00:00 PM;0
11/17/2018, 12:00:00 PM;18.4;11/17/2018, 12:00:00 PM;0;11/17/2018, 12:00:00 PM;4.58;11/17/2018, 12:00:00 PM;0.86
11/18/2018, 12:00:00 PM;13.94;11/18/2018, 12:00:00 PM;0;11/18/2018, 12:00:00 PM;6.12;11/18/2018, 12:00:00 PM;3.7
11/19/2018, 12:00:00 PM;16.537;11/19/2018, 12:00:00 PM;0;11/19/2018, 12:00:00 PM;7.421;11/19/2018, 12:00:00 PM;0
11/20/2018, 12:00:00 PM;14.86;11/20/2018, 12:00:00 PM;0;11/20/2018, 12:00:00 PM;7.8;11/20/2018, 12:00:00 PM;1.1
11/21/2018, 12:00:00 PM;12.94;11/21/2018, 12:00:00 PM;0;11/21/2018, 12:00:00 PM;8.1;11/21/2018, 12:00:00 PM;2.7
11/22/2018, 12:00:00 PM;12.02;11/22/2018, 12:00:00 PM;0;11/22/2018, 12:00:00 PM;7.24;11/22/2018, 12:00:00 PM;4.44
11/23/2018, 12:00:00 PM;16.18;11/23/2018, 12:00:00 PM;0;11/23/2018, 12:00:00 PM;9.02;11/23/2018, 12:00:00 PM;0.56
11/24/2018, 12:00:00 PM;12.12;11/24/2018, 12:00:00 PM;0;11/24/2018, 12:00:00 PM;7.9;11/24/2018, 12:00:00 PM;3.7
11/25/2018, 12:00:00 PM;15.2;11/25/2018, 12:00:00 PM;0;11/25/2018, 12:00:00 PM;7.92;11/25/2018, 12:00:00 PM;0.64
11/26/2018, 12:00:00 PM;16.62;11/26/2018, 12:00:00 PM;0;11/26/2018, 12:00:00 PM;5.3;11/26/2018, 12:00:00 PM;1.86
11/27/2018, 12:00:00 PM;13.72;11/27/2018, 12:00:00 PM;0;11/27/2018, 12:00:00 PM;7.64;11/27/2018, 12:00:00 PM;2.38
11/28/2018, 12:00:00 PM;12.16;11/28/2018, 12:00:00 PM;0;11/28/2018, 12:00:00 PM;7.26;11/28/2018, 12:00:00 PM;4.34
11/29/2018, 12:00:00 PM;21;11/29/2018, 12:00:00 PM;0;11/29/2018, 12:00:00 PM;4.4;11/29/2018, 12:00:00 PM;0.44
11/30/2018, 12:00:00 PM;18.88;11/30/2018, 12:00:00 PM;0;11/30/2018, 12:00:00 PM;3.42;11/30/2018, 12:00:00 PM;1.58
12/1/2018, 12:00:00 PM;20.885;12/1/2018, 12:00:00 PM;0;12/1/2018, 12:00:00 PM;4.165;12/1/2018, 12:00:00 PM;0.575
12/2/2018, 12:00:00 PM;18.72;12/2/2018, 12:00:00 PM;0;12/2/2018, 12:00:00 PM;2.68;12/2/2018, 12:00:00 PM;2.5
12/3/2018, 12:00:00 PM;19.7;12/3/2018, 12:00:00 PM;0;12/3/2018, 12:00:00 PM;2.46;12/3/2018, 12:00:00 PM;1.74
12/4/2018, 12:00:00 PM;18.2;12/4/2018, 12:00:00 PM;0;12/4/2018, 12:00:00 PM;4.5;12/4/2018, 12:00:00 PM;1.12
12/5/2018, 12:00:00 PM;14.64;12/5/2018, 12:00:00 PM;0;12/5/2018, 12:00:00 PM;7.44;12/5/2018, 12:00:00 PM;1.68
12/6/2018, 12:00:00 PM;19.3;12/6/2018, 12:00:00 PM;0;12/6/2018, 12:00:00 PM;2.46;12/6/2018, 12:00:00 PM;2.12
12/7/2018, 12:00:00 PM;17.7;12/7/2018, 12:00:00 PM;0;12/7/2018, 12:00:00 PM;3.96;12/7/2018, 12:00:00 PM;2.22
12/8/2018, 12:00:00 PM;15.24;12/8/2018, 12:00:00 PM;0;12/8/2018, 12:00:00 PM;7.5;12/8/2018, 12:00:00 PM;1.04
12/9/2018, 12:00:00 PM;19.4;12/9/2018, 12:00:00 PM;0;12/9/2018, 12:00:00 PM;3.56;12/9/2018, 12:00:00 PM;0.9
12/10/2018, 12:00:00 PM;14.12;12/10/2018, 12:00:00 PM;0;12/10/2018, 12:00:00 PM;7.48;12/10/2018, 12:00:00 PM;2.16
12/11/2018, 12:00:00 PM;17.96;12/11/2018, 12:00:00 PM;0;12/11/2018, 12:00:00 PM;8.84;12/11/2018, 12:00:00 PM;0.98
12/12/2018, 12:00:00 PM;11.66;12/12/2018, 12:00:00 PM;0;12/12/2018, 12:00:00 PM;8.3;12/12/2018, 12:00:00 PM;3.8
12/13/2018, 12:00:00 PM;14.74;12/13/2018, 12:00:00 PM;0;12/13/2018, 12:00:00 PM;8.16;12/13/2018, 12:00:00 PM;0.86
12/14/2018, 12:00:00 PM;9.455;12/14/2018, 12:00:00 PM;0;12/14/2018, 12:00:00 PM;6.665;12/14/2018, 12:00:00 PM;2.294
12/15/2018, 12:00:00 PM;16;12/15/2018, 12:00:00 PM;0;12/15/2018, 12:00:00 PM;12.28;12/15/2018, 12:00:00 PM;1.4
12/16/2018, 12:00:00 PM;12.54;12/16/2018, 12:00:00 PM;0;12/16/2018, 12:00:00 PM;9.9;12/16/2018, 12:00:00 PM;1.3
12/17/2018, 12:00:00 PM;14.18;12/17/2018, 12:00:00 PM;0;12/17/2018, 12:00:00 PM;6.7;12/17/2018, 12:00:00 PM;2.86
12/18/2018, 12:00:00 PM;18.18;12/18/2018, 12:00:00 PM;0;12/18/2018, 12:00:00 PM;4.54;12/18/2018, 12:00:00 PM;1.14
12/19/2018, 12:00:00 PM;14.92;12/19/2018, 12:00:00 PM;0;12/19/2018, 12:00:00 PM;4.74;12/19/2018, 12:00:00 PM;4.12
12/20/2018, 12:00:00 PM;17.56;12/20/2018, 12:00:00 PM;0;12/20/2018, 12:00:00 PM;6.24;12/20/2018, 12:00:00 PM;0
12/21/2018, 12:00:00 PM;17.82;12/21/2018, 12:00:00 PM;0;12/21/2018, 12:00:00 PM;4.82;12/21/2018, 12:00:00 PM;1.2
12/22/2018, 12:00:00 PM;18.614;12/22/2018, 12:00:00 PM;0;12/22/2018, 12:00:00 PM;4.174;12/22/2018, 12:00:00 PM;1.23
12/23/2018, 12:00:00 PM;18.06;12/23/2018, 12:00:00 PM;0;12/23/2018, 12:00:00 PM;4.42;12/23/2018, 12:00:00 PM;1.36
12/24/2018, 12:00:00 PM;18.36;12/24/2018, 12:00:00 PM;0;12/24/2018, 12:00:00 PM;3.98;12/24/2018, 12:00:00 PM;1.52
12/25/2018, 12:00:00 PM;15.62;12/25/2018, 12:00:00 PM;0;12/25/2018, 12:00:00 PM;6.86;12/25/2018, 12:00:00 PM;1.28
12/26/2018, 12:00:00 PM;15.32;12/26/2018, 12:00:00 PM;0;12/26/2018, 12:00:00 PM;7.18;12/26/2018, 12:00:00 PM;1.28
12/27/2018, 12:00:00 PM;13.566;12/27/2018, 12:00:00 PM;0;12/27/2018, 12:00:00 PM;8.112;12/27/2018, 12:00:00 PM;1.884
12/28/2018, 12:00:00 PM;11.96;12/28/2018, 12:00:00 PM;0;12/28/2018, 12:00:00 PM;9.04;12/28/2018, 12:00:00 PM;2.72
12/29/2018, 12:00:00 PM;15.28;12/29/2018, 12:00:00 PM;0;12/29/2018, 12:00:00 PM;5.78;12/29/2018, 12:00:00 PM;2.72
12/30/2018, 12:00:00 PM;18.74;12/30/2018, 12:00:00 PM;0;12/30/2018, 12:00:00 PM;3.54;12/30/2018, 12:00:00 PM;1.6
12/31/2018, 12:00:00 PM;16.96;12/31/2018, 12:00:00 PM;0;12/31/2018, 12:00:00 PM;5.46;12/31/2018, 12:00:00 PM;1.42
1/1/2019, 12:00:00 PM;14.74;1/1/2019, 12:00:00 PM;0;1/1/2019, 12:00:00 PM;6;1/1/2019, 12:00:00 PM;1.04
1/2/2019, 12:00:00 PM;0.316;1/2/2019, 12:00:00 PM;0;1/2/2019, 12:00:00 PM;0.147;1/2/2019, 12:00:00 PM;0
1/3/2019, 12:00:00 PM;15.52;1/3/2019, 12:00:00 PM;0;1/3/2019, 12:00:00 PM;7.72;1/3/2019, 12:00:00 PM;0.54
1/4/2019, 12:00:00 PM;15.52;1/4/2019, 12:00:00 PM;0;1/4/2019, 12:00:00 PM;8.26;1/4/2019, 12:00:00 PM;0
1/5/2019, 12:00:00 PM;17.38;1/5/2019, 12:00:00 PM;0;1/5/2019, 12:00:00 PM;5.66;1/5/2019, 12:00:00 PM;0.76
1/6/2019, 12:00:00 PM;14.36;1/6/2019, 12:00:00 PM;0;1/6/2019, 12:00:00 PM;5.74;1/6/2019, 12:00:00 PM;5.68
1/7/2019, 12:00:00 PM;17.44;1/7/2019, 12:00:00 PM;0;1/7/2019, 12:00:00 PM;5.92;1/7/2019, 12:00:00 PM;0.42
1/8/2019, 12:00:00 PM;12.32;1/8/2019, 12:00:00 PM;0;1/8/2019, 12:00:00 PM;6.72;1/8/2019, 12:00:00 PM;4.74
1/9/2019, 12:00:00 PM;16.6;1/9/2019, 12:00:00 PM;0;1/9/2019, 12:00:00 PM;7.2;1/9/2019, 12:00:00 PM;0
1/10/2019, 12:00:00 PM;11.22;1/10/2019, 12:00:00 PM;0;1/10/2019, 12:00:00 PM;8.22;1/10/2019, 12:00:00 PM;4.3
1/11/2019, 12:00:00 PM;11.2;1/11/2019, 12:00:00 PM;0;1/11/2019, 12:00:00 PM;7.26;1/11/2019, 12:00:00 PM;3.34
1/12/2019, 12:00:00 PM;16.16;1/12/2019, 12:00:00 PM;0;1/12/2019, 12:00:00 PM;4.7;1/12/2019, 12:00:00 PM;2.94
1/13/2019, 12:00:00 PM;16.18;1/13/2019, 12:00:00 PM;0;1/13/2019, 12:00:00 PM;5.08;1/13/2019, 12:00:00 PM;0.58
1/14/2019, 12:00:00 PM;13.12;1/14/2019, 12:00:00 PM;0;1/14/2019, 12:00:00 PM;4.9;1/14/2019, 12:00:00 PM;5.76
1/15/2019, 12:00:00 PM;16.78;1/15/2019, 12:00:00 PM;0;1/15/2019, 12:00:00 PM;7.02;1/15/2019, 12:00:00 PM;0
1/16/2019, 12:00:00 PM;11.24;1/16/2019, 12:00:00 PM;0;1/16/2019, 12:00:00 PM;8.16;1/16/2019, 12:00:00 PM;4.36
1/17/2019, 12:00:00 PM;15.36;1/17/2019, 12:00:00 PM;0;1/17/2019, 12:00:00 PM;7.4;1/17/2019, 12:00:00 PM;0.98
1/18/2019, 12:00:00 PM;11.74;1/18/2019, 12:00:00 PM;0;1/18/2019, 12:00:00 PM;8.22;1/18/2019, 12:00:00 PM;3.76
1/19/2019, 12:00:00 PM;15.46;1/19/2019, 12:00:00 PM;0;1/19/2019, 12:00:00 PM;8.34;1/19/2019, 12:00:00 PM;0
1/20/2019, 12:00:00 PM;12.82;1/20/2019, 12:00:00 PM;0;1/20/2019, 12:00:00 PM;8.26;1/20/2019, 12:00:00 PM;2.68
1/21/2019, 12:00:00 PM;12.74;1/21/2019, 12:00:00 PM;0;1/21/2019, 12:00:00 PM;10.22;1/21/2019, 12:00:00 PM;0.82
1/22/2019, 12:00:00 PM;10.46;1/22/2019, 12:00:00 PM;0;1/22/2019, 12:00:00 PM;11.86;1/22/2019, 12:00:00 PM;1.42
1/23/2019, 12:00:00 PM;10.02;1/23/2019, 12:00:00 PM;0;1/23/2019, 12:00:00 PM;9.62;1/23/2019, 12:00:00 PM;4.12
1/24/2019, 12:00:00 PM;9.12;1/24/2019, 12:00:00 PM;0;1/24/2019, 12:00:00 PM;11.52;1/24/2019, 12:00:00 PM;3.08
1/25/2019, 12:00:00 PM;13.32;1/25/2019, 12:00:00 PM;0;1/25/2019, 12:00:00 PM;10.44;1/25/2019, 12:00:00 PM;0
1/26/2019, 12:00:00 PM;14.62;1/26/2019, 12:00:00 PM;0;1/26/2019, 12:00:00 PM;6.72;1/26/2019, 12:00:00 PM;2.46
1/27/2019, 12:00:00 PM;16.396;1/27/2019, 12:00:00 PM;0;1/27/2019, 12:00:00 PM;4.719;1/27/2019, 12:00:00 PM;2.884
1/28/2019, 12:00:00 PM;14.86;1/28/2019, 12:00:00 PM;0;1/28/2019, 12:00:00 PM;6.74;1/28/2019, 12:00:00 PM;2.18
1/29/2019, 12:00:00 PM;10.56;1/29/2019, 12:00:00 PM;0;1/29/2019, 12:00:00 PM;8.04;1/29/2019, 12:00:00 PM;5.12
1/30/2019, 12:00:00 PM;10.98;1/30/2019, 12:00:00 PM;0;1/30/2019, 12:00:00 PM;8.44;1/30/2019, 12:00:00 PM;4.3
1/31/2019, 12:00:00 PM;14.08;1/31/2019, 12:00:00 PM;0;1/31/2019, 12:00:00 PM;9.68;1/31/2019, 12:00:00 PM;0
2/1/2019, 12:00:00 PM;12.72;2/1/2019, 12:00:00 PM;0;2/1/2019, 12:00:00 PM;9.38;2/1/2019, 12:00:00 PM;1.66
2/2/2019, 12:00:00 PM;13.5;2/2/2019, 12:00:00 PM;0;2/2/2019, 12:00:00 PM;8.12;2/2/2019, 12:00:00 PM;2.16
2/3/2019, 12:00:00 PM;12.82;2/3/2019, 12:00:00 PM;0;2/3/2019, 12:00:00 PM;4.9;2/3/2019, 12:00:00 PM;6.08
2/4/2019, 12:00:00 PM;13.52;2/4/2019, 12:00:00 PM;0;2/4/2019, 12:00:00 PM;10.24;2/4/2019, 12:00:00 PM;0
2/5/2019, 12:00:00 PM;15.68;2/5/2019, 12:00:00 PM;0;2/5/2019, 12:00:00 PM;6.62;2/5/2019, 12:00:00 PM;1.48
2/6/2019, 12:00:00 PM;13.572;2/6/2019, 12:00:00 PM;0;2/6/2019, 12:00:00 PM;5.848;2/6/2019, 12:00:00 PM;4.538
2/7/2019, 12:00:00 PM;15.44;2/7/2019, 12:00:00 PM;0;2/7/2019, 12:00:00 PM;4.72;2/7/2019, 12:00:00 PM;3.66
2/8/2019, 12:00:00 PM;16.94;2/8/2019, 12:00:00 PM;0;2/8/2019, 12:00:00 PM;6.86;2/8/2019, 12:00:00 PM;0
2/9/2019, 12:00:00 PM;15.98;2/9/2019, 12:00:00 PM;0;2/9/2019, 12:00:00 PM;4.84;2/9/2019, 12:00:00 PM;3
2/10/2019, 12:00:00 PM;17.06;2/10/2019, 12:00:00 PM;0;2/10/2019, 12:00:00 PM;5.8;2/10/2019, 12:00:00 PM;0.9
2/11/2019, 12:00:00 PM;14.48;2/11/2019, 12:00:00 PM;0;2/11/2019, 12:00:00 PM;5.98;2/11/2019, 12:00:00 PM;3.38
2/12/2019, 12:00:00 PM;14.52;2/12/2019, 12:00:00 PM;0;2/12/2019, 12:00:00 PM;7.26;2/12/2019, 12:00:00 PM;0
2/13/2019, 12:00:00 PM;15.28;2/13/2019, 12:00:00 PM;0;2/13/2019, 12:00:00 PM;6.62;2/13/2019, 12:00:00 PM;1.86
2/14/2019, 12:00:00 PM;0.268;2/14/2019, 12:00:00 PM;0;2/14/2019, 12:00:00 PM;0.164;2/14/2019, 12:00:00 PM;0.03
2/15/2019, 12:00:00 PM;17.87;2/15/2019, 12:00:00 PM;0;2/15/2019, 12:00:00 PM;4.284;2/15/2019, 12:00:00 PM;1.488
2/16/2019, 12:00:00 PM;15.26;2/16/2019, 12:00:00 PM;0;2/16/2019, 12:00:00 PM;6.82;2/16/2019, 12:00:00 PM;1.66
2/17/2019, 12:00:00 PM;14.68;2/17/2019, 12:00:00 PM;0;2/17/2019, 12:00:00 PM;5.24;2/17/2019, 12:00:00 PM;3.84
2/18/2019, 12:00:00 PM;13.12;2/18/2019, 12:00:00 PM;0;2/18/2019, 12:00:00 PM;3.24;2/18/2019, 12:00:00 PM;3.46
2/19/2019, 12:00:00 PM;14.82;2/19/2019, 12:00:00 PM;0;2/19/2019, 12:00:00 PM;3.08;2/19/2019, 12:00:00 PM;8
2/20/2019, 12:00:00 PM;2.321;2/20/2019, 12:00:00 PM;0;2/20/2019, 12:00:00 PM;1.573;2/20/2019, 12:00:00 PM;0
2/21/2019, 12:00:00 PM;14.111;2/21/2019, 12:00:00 PM;0;2/21/2019, 12:00:00 PM;3.66;2/21/2019, 12:00:00 PM;2.42
2/22/2019, 12:00:00 PM;23.66;2/22/2019, 12:00:00 PM;0;2/22/2019, 12:00:00 PM;2.8;2/22/2019, 12:00:00 PM;1.44
2/23/2019, 12:00:00 PM;15.12;2/23/2019, 12:00:00 PM;0;2/23/2019, 12:00:00 PM;5.98;2/23/2019, 12:00:00 PM;2.66
2/24/2019, 12:00:00 PM;17.38;2/24/2019, 12:00:00 PM;0;2/24/2019, 12:00:00 PM;4.88;2/24/2019, 12:00:00 PM;1.6
2/25/2019, 12:00:00 PM;16.88;2/25/2019, 12:00:00 PM;0;2/25/2019, 12:00:00 PM;3.12;2/25/2019, 12:00:00 PM;3.86
2/26/2019, 12:00:00 PM;21.42;2/26/2019, 12:00:00 PM;0;2/26/2019, 12:00:00 PM;2.52;2/26/2019, 12:00:00 PM;0
2/27/2019, 12:00:00 PM;18.8;2/27/2019, 12:00:00 PM;0;2/27/2019, 12:00:00 PM;0.86;2/27/2019, 12:00:00 PM;4.26
2/28/2019, 12:00:00 PM;18.44;2/28/2019, 12:00:00 PM;0;2/28/2019, 12:00:00 PM;3.46;2/28/2019, 12:00:00 PM;1.94
3/1/2019, 12:00:00 PM;15.88;3/1/2019, 12:00:00 PM;0;3/1/2019, 12:00:00 PM;5.64;3/1/2019, 12:00:00 PM;2.3
3/2/2019, 12:00:00 PM;16.7;3/2/2019, 12:00:00 PM;0;3/2/2019, 12:00:00 PM;6.42;3/2/2019, 12:00:00 PM;0.64
3/3/2019, 12:00:00 PM;18.8;3/3/2019, 12:00:00 PM;0;3/3/2019, 12:00:00 PM;2.48;3/3/2019, 12:00:00 PM;2.6
3/4/2019, 12:00:00 PM;18.24;3/4/2019, 12:00:00 PM;0;3/4/2019, 12:00:00 PM;3.2;3/4/2019, 12:00:00 PM;2.4
3/5/2019, 12:00:00 PM;17.88;3/5/2019, 12:00:00 PM;0;3/5/2019, 12:00:00 PM;4.26;3/5/2019, 12:00:00 PM;1.72
3/6/2019, 12:00:00 PM;19.08;3/6/2019, 12:00:00 PM;0;3/6/2019, 12:00:00 PM;3.44;3/6/2019, 12:00:00 PM;1.36
3/7/2019, 12:00:00 PM;18.02;3/7/2019, 12:00:00 PM;0;3/7/2019, 12:00:00 PM;2.92;3/7/2019, 12:00:00 PM;2.92
3/8/2019, 12:00:00 PM;15;3/8/2019, 12:00:00 PM;0;3/8/2019, 12:00:00 PM;6.48;3/8/2019, 12:00:00 PM;2.3
3/9/2019, 12:00:00 PM;18.4;3/9/2019, 12:00:00 PM;0;3/9/2019, 12:00:00 PM;2.74;3/9/2019, 12:00:00 PM;2.76
3/10/2019, 12:00:00 PM;14.58;3/10/2019, 12:00:00 PM;0;3/10/2019, 12:00:00 PM;5.16;3/10/2019, 12:00:00 PM;4.08
3/11/2019, 12:00:00 PM;14.32;3/11/2019, 12:00:00 PM;0;3/11/2019, 12:00:00 PM;6.88;3/11/2019, 12:00:00 PM;2.58
3/12/2019, 12:00:00 PM;19.34;3/12/2019, 12:00:00 PM;0;3/12/2019, 12:00:00 PM;5.88;3/12/2019, 12:00:00 PM;0.58
3/13/2019, 12:00:00 PM;13.12;3/13/2019, 12:00:00 PM;0;3/13/2019, 12:00:00 PM;5.74;3/13/2019, 12:00:00 PM;4.88
3/14/2019, 12:00:00 PM;16.04;3/14/2019, 12:00:00 PM;0;3/14/2019, 12:00:00 PM;5.48;3/14/2019, 12:00:00 PM;2.28
3/15/2019, 12:00:00 PM;16.5;3/15/2019, 12:00:00 PM;0;3/15/2019, 12:00:00 PM;4.7;3/15/2019, 12:00:00 PM;2.6
3/16/2019, 12:00:00 PM;14.06;3/16/2019, 12:00:00 PM;0;3/16/2019, 12:00:00 PM;4.74;3/16/2019, 12:00:00 PM;5
3/17/2019, 12:00:00 PM;14.92;3/17/2019, 12:00:00 PM;0;3/17/2019, 12:00:00 PM;4.08;3/17/2019, 12:00:00 PM;4.8
3/18/2019, 12:00:00 PM;18.18;3/18/2019, 12:00:00 PM;0;3/18/2019, 12:00:00 PM;5.62;3/18/2019, 12:00:00 PM;0
3/19/2019, 12:00:00 PM;16.92;3/19/2019, 12:00:00 PM;0;3/19/2019, 12:00:00 PM;5.16;3/19/2019, 12:00:00 PM;1.74
3/20/2019, 12:00:00 PM;18.28;3/20/2019, 12:00:00 PM;0;3/20/2019, 12:00:00 PM;3.58;3/20/2019, 12:00:00 PM;2
3/21/2019, 12:00:00 PM;18.16;3/21/2019, 12:00:00 PM;0;3/21/2019, 12:00:00 PM;2.98;3/21/2019, 12:00:00 PM;2.76
3/22/2019, 12:00:00 PM;17.64;3/22/2019, 12:00:00 PM;0;3/22/2019, 12:00:00 PM;3.72;3/22/2019, 12:00:00 PM;2.5
3/23/2019, 12:00:00 PM;13.78;3/23/2019, 12:00:00 PM;0;3/23/2019, 12:00:00 PM;1.76;3/23/2019, 12:00:00 PM;6.36
3/24/2019, 12:00:00 PM;18.18;3/24/2019, 12:00:00 PM;0;3/24/2019, 12:00:00 PM;5.64;3/24/2019, 12:00:00 PM;0
3/25/2019, 12:00:00 PM;16.76;3/25/2019, 12:00:00 PM;0;3/25/2019, 12:00:00 PM;6.7;3/25/2019, 12:00:00 PM;2.36
3/26/2019, 12:00:00 PM;16.88;3/26/2019, 12:00:00 PM;0;3/26/2019, 12:00:00 PM;4.26;3/26/2019, 12:00:00 PM;2.72
3/27/2019, 12:00:00 PM;17.46;3/27/2019, 12:00:00 PM;0;3/27/2019, 12:00:00 PM;4.78;3/27/2019, 12:00:00 PM;1.6
3/28/2019, 12:00:00 PM;15.02;3/28/2019, 12:00:00 PM;0;3/28/2019, 12:00:00 PM;3.26;3/28/2019, 12:00:00 PM;5.54
3/29/2019, 12:00:00 PM;22.647;3/29/2019, 12:00:00 PM;0;3/29/2019, 12:00:00 PM;2.985;3/29/2019, 12:00:00 PM;0.464
3/30/2019, 12:00:00 PM;15.28;3/30/2019, 12:00:00 PM;0;3/30/2019, 12:00:00 PM;2.28;3/30/2019, 12:00:00 PM;4.26
3/31/2019, 12:00:00 PM;22.4;3/31/2019, 12:00:00 PM;0;3/31/2019, 12:00:00 PM;1;3/31/2019, 12:00:00 PM;0.54
4/1/2019, 12:00:00 PM;19;4/1/2019, 12:00:00 PM;0;4/1/2019, 12:00:00 PM;3.44;4/1/2019, 12:00:00 PM;1.44
4/2/2019, 12:00:00 PM;21.06;4/2/2019, 12:00:00 PM;0;4/2/2019, 12:00:00 PM;1.7;4/2/2019, 12:00:00 PM;1.16
4/3/2019, 12:00:00 PM;18.38;4/3/2019, 12:00:00 PM;0;4/3/2019, 12:00:00 PM;4.08;4/3/2019, 12:00:00 PM;1.38
4/4/2019, 12:00:00 PM;15.38;4/4/2019, 12:00:00 PM;0;4/4/2019, 12:00:00 PM;7.72;4/4/2019, 12:00:00 PM;2.7
4/5/2019, 12:00:00 PM;18.94;4/5/2019, 12:00:00 PM;0;4/5/2019, 12:00:00 PM;2.46;4/5/2019, 12:00:00 PM;2.48
4/6/2019, 12:00:00 PM;18.24;4/6/2019, 12:00:00 PM;0;4/6/2019, 12:00:00 PM;3.22;4/6/2019, 12:00:00 PM;2.44
4/7/2019, 12:00:00 PM;21.68;4/7/2019, 12:00:00 PM;0;4/7/2019, 12:00:00 PM;0.78;4/7/2019, 12:00:00 PM;1.48
4/8/2019, 12:00:00 PM;13.58;4/8/2019, 12:00:00 PM;11.24;4/8/2019, 12:00:00 PM;0;4/8/2019, 12:00:00 PM;1.12
4/9/2019, 12:00:00 PM;17.12;4/9/2019, 12:00:00 PM;1.98;4/9/2019, 12:00:00 PM;3.26;4/9/2019, 12:00:00 PM;1.5
4/10/2019, 12:00:00 PM;17.02;4/10/2019, 12:00:00 PM;0;4/10/2019, 12:00:00 PM;2.72;4/10/2019, 12:00:00 PM;4.1
4/11/2019, 12:00:00 PM;21.24;4/11/2019, 12:00:00 PM;0;4/11/2019, 12:00:00 PM;1.94;4/11/2019, 12:00:00 PM;0.74
4/12/2019, 12:00:00 PM;18.18;4/12/2019, 12:00:00 PM;0;4/12/2019, 12:00:00 PM;3.66;4/12/2019, 12:00:00 PM;2.02
4/13/2019, 12:00:00 PM;15.34;4/13/2019, 12:00:00 PM;0;4/13/2019, 12:00:00 PM;5.96;4/13/2019, 12:00:00 PM;2.48
4/14/2019, 12:00:00 PM;15.02;4/14/2019, 12:00:00 PM;0;4/14/2019, 12:00:00 PM;4.86;4/14/2019, 12:00:00 PM;3.86
4/15/2019, 12:00:00 PM;19.22;4/15/2019, 12:00:00 PM;0;4/15/2019, 12:00:00 PM;3.98;4/15/2019, 12:00:00 PM;0.68
4/16/2019, 12:00:00 PM;20.86;4/16/2019, 12:00:00 PM;0;4/16/2019, 12:00:00 PM;1.82;4/16/2019, 12:00:00 PM;1.22
4/17/2019, 12:00:00 PM;15.62;4/17/2019, 12:00:00 PM;5.86;4/17/2019, 12:00:00 PM;0;4/17/2019, 12:00:00 PM;2.46
4/18/2019, 12:00:00 PM;10.92;4/18/2019, 12:00:00 PM;11.5;4/18/2019, 12:00:00 PM;0;4/18/2019, 12:00:00 PM;1.5
4/19/2019, 12:00:00 PM;8.12;4/19/2019, 12:00:00 PM;18.12;4/19/2019, 12:00:00 PM;0;4/19/2019, 12:00:00 PM;1.68
4/20/2019, 12:00:00 PM;0;4/20/2019, 12:00:00 PM;22.08;4/20/2019, 12:00:00 PM;0;4/20/2019, 12:00:00 PM;1.88
4/21/2019, 12:00:00 PM;7.62;4/21/2019, 12:00:00 PM;11.2;4/21/2019, 12:00:00 PM;0;4/21/2019, 12:00:00 PM;5.06
4/22/2019, 12:00:00 PM;6;4/22/2019, 12:00:00 PM;17.96;4/22/2019, 12:00:00 PM;0;4/22/2019, 12:00:00 PM;0
4/23/2019, 12:00:00 PM;0;4/23/2019, 12:00:00 PM;22.84;4/23/2019, 12:00:00 PM;0;4/23/2019, 12:00:00 PM;1.12
4/24/2019, 12:00:00 PM;0;4/24/2019, 12:00:00 PM;22.46;4/24/2019, 12:00:00 PM;0;4/24/2019, 12:00:00 PM;1.5
4/25/2019, 12:00:00 PM;17.2;4/25/2019, 12:00:00 PM;2.36;4/25/2019, 12:00:00 PM;0;4/25/2019, 12:00:00 PM;4.34
4/26/2019, 12:00:00 PM;24;4/26/2019, 12:00:00 PM;0;4/26/2019, 12:00:00 PM;0;4/26/2019, 12:00:00 PM;0
4/27/2019, 12:00:00 PM;22.04;4/27/2019, 12:00:00 PM;0;4/27/2019, 12:00:00 PM;0.3;4/27/2019, 12:00:00 PM;1.6
4/28/2019, 12:00:00 PM;18.92;4/28/2019, 12:00:00 PM;0;4/28/2019, 12:00:00 PM;2.42;4/28/2019, 12:00:00 PM;0.58
4/29/2019, 12:00:00 PM;20.8;4/29/2019, 12:00:00 PM;0;4/29/2019, 12:00:00 PM;1.92;4/29/2019, 12:00:00 PM;1.2
4/30/2019, 12:00:00 PM;22.66;4/30/2019, 12:00:00 PM;0;4/30/2019, 12:00:00 PM;0.46;4/30/2019, 12:00:00 PM;0.84
5/1/2019, 12:00:00 PM;20.26;5/1/2019, 12:00:00 PM;0;5/1/2019, 12:00:00 PM;2.16;5/1/2019, 12:00:00 PM;1.44
5/2/2019, 12:00:00 PM;20.84;5/2/2019, 12:00:00 PM;0;5/2/2019, 12:00:00 PM;0.82;5/2/2019, 12:00:00 PM;2.26
5/3/2019, 12:00:00 PM;18.84;5/3/2019, 12:00:00 PM;0;5/3/2019, 12:00:00 PM;2.62;5/3/2019, 12:00:00 PM;2.42
5/4/2019, 12:00:00 PM;20.14;5/4/2019, 12:00:00 PM;0;5/4/2019, 12:00:00 PM;2.58;5/4/2019, 12:00:00 PM;1.16
5/5/2019, 12:00:00 PM;18.2;5/5/2019, 12:00:00 PM;0;5/5/2019, 12:00:00 PM;3.48;5/5/2019, 12:00:00 PM;2.18
5/6/2019, 12:00:00 PM;18.56;5/6/2019, 12:00:00 PM;0;5/6/2019, 12:00:00 PM;2.04;5/6/2019, 12:00:00 PM;3.24
5/7/2019, 12:00:00 PM;19.78;5/7/2019, 12:00:00 PM;0;5/7/2019, 12:00:00 PM;3.7;5/7/2019, 12:00:00 PM;0.4
5/8/2019, 12:00:00 PM;20.54;5/8/2019, 12:00:00 PM;0;5/8/2019, 12:00:00 PM;1.72;5/8/2019, 12:00:00 PM;1.62
5/9/2019, 12:00:00 PM;20.4;5/9/2019, 12:00:00 PM;0;5/9/2019, 12:00:00 PM;1.76;5/9/2019, 12:00:00 PM;1.76
5/10/2019, 12:00:00 PM;20.94;5/10/2019, 12:00:00 PM;0;5/10/2019, 12:00:00 PM;1.82;5/10/2019, 12:00:00 PM;1.16
5/11/2019, 12:00:00 PM;1.04;5/11/2019, 12:00:00 PM;0;5/11/2019, 12:00:00 PM;0;5/11/2019, 12:00:00 PM;0.94
5/12/2019, 12:00:00 PM;19.743;5/12/2019, 12:00:00 PM;0;5/12/2019, 12:00:00 PM;0.847;5/12/2019, 12:00:00 PM;1.553
5/13/2019, 12:00:00 PM;17.96;5/13/2019, 12:00:00 PM;0;5/13/2019, 12:00:00 PM;4.46;5/13/2019, 12:00:00 PM;1.4
5/14/2019, 12:00:00 PM;18.48;5/14/2019, 12:00:00 PM;0;5/14/2019, 12:00:00 PM;2.7;5/14/2019, 12:00:00 PM;2.7
5/15/2019, 12:00:00 PM;19.48;5/15/2019, 12:00:00 PM;0;5/15/2019, 12:00:00 PM;1.74;5/15/2019, 12:00:00 PM;2.66
5/16/2019, 12:00:00 PM;20.26;5/16/2019, 12:00:00 PM;0;5/16/2019, 12:00:00 PM;1.34;5/16/2019, 12:00:00 PM;2.3
5/17/2019, 12:00:00 PM;20.16;5/17/2019, 12:00:00 PM;0;5/17/2019, 12:00:00 PM;1.34;5/17/2019, 12:00:00 PM;2.38
5/18/2019, 12:00:00 PM;21.88;5/18/2019, 12:00:00 PM;0;5/18/2019, 12:00:00 PM;0.78;5/18/2019, 12:00:00 PM;1.3
5/19/2019, 12:00:00 PM;9.22;5/19/2019, 12:00:00 PM;13.56;5/19/2019, 12:00:00 PM;0;5/19/2019, 12:00:00 PM;1.16
5/20/2019, 12:00:00 PM;14.88;5/20/2019, 12:00:00 PM;6.76;5/20/2019, 12:00:00 PM;0;5/20/2019, 12:00:00 PM;2.3
5/21/2019, 12:00:00 PM;22.28;5/21/2019, 12:00:00 PM;0;5/21/2019, 12:00:00 PM;0;5/21/2019, 12:00:00 PM;1.68
5/22/2019, 12:00:00 PM;21.92;5/22/2019, 12:00:00 PM;0;5/22/2019, 12:00:00 PM;0.82;5/22/2019, 12:00:00 PM;1.18
5/23/2019, 12:00:00 PM;22.12;5/23/2019, 12:00:00 PM;0;5/23/2019, 12:00:00 PM;0.56;5/23/2019, 12:00:00 PM;1.26
5/24/2019, 12:00:00 PM;7.78;5/24/2019, 12:00:00 PM;13.62;5/24/2019, 12:00:00 PM;0;5/24/2019, 12:00:00 PM;2.54
5/25/2019, 12:00:00 PM;17.66;5/25/2019, 12:00:00 PM;3.64;5/25/2019, 12:00:00 PM;0.78;5/25/2019, 12:00:00 PM;1.84
5/26/2019, 12:00:00 PM;5.06;5/26/2019, 12:00:00 PM;0;5/26/2019, 12:00:00 PM;0;5/26/2019, 12:00:00 PM;0.92
5/27/2019, 12:00:00 PM;0;5/27/2019, 12:00:00 PM;2;5/27/2019, 12:00:00 PM;0;5/27/2019, 12:00:00 PM;0
5/28/2019, 12:00:00 PM;14.88;5/28/2019, 12:00:00 PM;6.76;5/28/2019, 12:00:00 PM;0;5/28/2019, 12:00:00 PM;2.3
5/29/2019, 12:00:00 PM;23.48;5/29/2019, 12:00:00 PM;0;5/29/2019, 12:00:00 PM;0.88;5/29/2019, 12:00:00 PM;1.56
5/30/2019, 12:00:00 PM;13.824;5/30/2019, 12:00:00 PM;6.803;5/30/2019, 12:00:00 PM;0;5/30/2019, 12:00:00 PM;1.15
5/31/2019, 12:00:00 PM;0;5/31/2019, 12:00:00 PM;23.06;5/31/2019, 12:00:00 PM;0;5/31/2019, 12:00:00 PM;0.92
6/1/2019, 12:00:00 PM;0;6/1/2019, 12:00:00 PM;23.26;6/1/2019, 12:00:00 PM;0;6/1/2019, 12:00:00 PM;0.72
6/2/2019, 12:00:00 PM;0;6/2/2019, 12:00:00 PM;22.59;6/2/2019, 12:00:00 PM;0;6/2/2019, 12:00:00 PM;1.17
6/3/2019, 12:00:00 PM;0;6/3/2019, 12:00:00 PM;21.46;6/3/2019, 12:00:00 PM;0;6/3/2019, 12:00:00 PM;2.5
6/4/2019, 12:00:00 PM;0;6/4/2019, 12:00:00 PM;23.76;6/4/2019, 12:00:00 PM;0;6/4/2019, 12:00:00 PM;2.18
6/5/2019, 12:00:00 PM;0;6/5/2019, 12:00:00 PM;19.48;6/5/2019, 12:00:00 PM;0;6/5/2019, 12:00:00 PM;2.46
6/6/2019, 12:00:00 PM;0;6/6/2019, 12:00:00 PM;22.74;6/6/2019, 12:00:00 PM;0;6/6/2019, 12:00:00 PM;1.22
6/7/2019, 12:00:00 PM;0;6/7/2019, 12:00:00 PM;22.08;6/7/2019, 12:00:00 PM;0;6/7/2019, 12:00:00 PM;1.88
6/8/2019, 12:00:00 PM;16.28;6/8/2019, 12:00:00 PM;6.96;6/8/2019, 12:00:00 PM;0;6/8/2019, 12:00:00 PM;0.72
6/9/2019, 12:00:00 PM;9.12;6/9/2019, 12:00:00 PM;15.94;6/9/2019, 12:00:00 PM;0;6/9/2019, 12:00:00 PM;0.9
6/10/2019, 12:00:00 PM;4.04;6/10/2019, 12:00:00 PM;18.3;6/10/2019, 12:00:00 PM;0;6/10/2019, 12:00:00 PM;1.58
6/11/2019, 12:00:00 PM;0;6/11/2019, 12:00:00 PM;22.56;6/11/2019, 12:00:00 PM;0;6/11/2019, 12:00:00 PM;1.4
6/12/2019, 12:00:00 PM;0;6/12/2019, 12:00:00 PM;21.34;6/12/2019, 12:00:00 PM;0;6/12/2019, 12:00:00 PM;2.58
6/13/2019, 12:00:00 PM;6.78;6/13/2019, 12:00:00 PM;16.08;6/13/2019, 12:00:00 PM;0;6/13/2019, 12:00:00 PM;1.06
6/14/2019, 12:00:00 PM;9.1;6/14/2019, 12:00:00 PM;12.38;6/14/2019, 12:00:00 PM;0;6/14/2019, 12:00:00 PM;2.44
6/15/2019, 12:00:00 PM;0;6/15/2019, 12:00:00 PM;23.02;6/15/2019, 12:00:00 PM;0;6/15/2019, 12:00:00 PM;0.94
6/16/2019, 12:00:00 PM;7.6;6/16/2019, 12:00:00 PM;13.16;6/16/2019, 12:00:00 PM;0;6/16/2019, 12:00:00 PM;1.16
6/17/2019, 12:00:00 PM;0;6/17/2019, 12:00:00 PM;23.12;6/17/2019, 12:00:00 PM;0;6/17/2019, 12:00:00 PM;0.86
6/18/2019, 12:00:00 PM;0;6/18/2019, 12:00:00 PM;21.916;6/18/2019, 12:00:00 PM;0;6/18/2019, 12:00:00 PM;1.844
6/19/2019, 12:00:00 PM;0;6/19/2019, 12:00:00 PM;23.22;6/19/2019, 12:00:00 PM;0;6/19/2019, 12:00:00 PM;2.72
6/20/2019, 12:00:00 PM;0;6/20/2019, 12:00:00 PM;22.2;6/20/2019, 12:00:00 PM;0;6/20/2019, 12:00:00 PM;1.76
6/21/2019, 12:00:00 PM;0;6/21/2019, 12:00:00 PM;20.86;6/21/2019, 12:00:00 PM;0;6/21/2019, 12:00:00 PM;1.12
6/22/2019, 12:00:00 PM;0;6/22/2019, 12:00:00 PM;21.64;6/22/2019, 12:00:00 PM;0;6/22/2019, 12:00:00 PM;2.32
6/23/2019, 12:00:00 PM;0;6/23/2019, 12:00:00 PM;21.18;6/23/2019, 12:00:00 PM;0;6/23/2019, 12:00:00 PM;2.74
6/24/2019, 12:00:00 PM;0;6/24/2019, 12:00:00 PM;25.04;6/24/2019, 12:00:00 PM;0;6/24/2019, 12:00:00 PM;0.94
6/25/2019, 12:00:00 PM;0;6/25/2019, 12:00:00 PM;21.361;6/25/2019, 12:00:00 PM;0;6/25/2019, 12:00:00 PM;0.436
6/26/2019, 12:00:00 PM;0;6/26/2019, 12:00:00 PM;22.82;6/26/2019, 12:00:00 PM;0;6/26/2019, 12:00:00 PM;1.14
6/27/2019, 12:00:00 PM;0;6/27/2019, 12:00:00 PM;21.82;6/27/2019, 12:00:00 PM;0;6/27/2019, 12:00:00 PM;2.14
6/28/2019, 12:00:00 PM;0;6/28/2019, 12:00:00 PM;22.66;6/28/2019, 12:00:00 PM;0;6/28/2019, 12:00:00 PM;1.3
6/29/2019, 12:00:00 PM;0;6/29/2019, 12:00:00 PM;22.68;6/29/2019, 12:00:00 PM;0;6/29/2019, 12:00:00 PM;1.28
6/30/2019, 12:00:00 PM;0;6/30/2019, 12:00:00 PM;22.74;6/30/2019, 12:00:00 PM;0;6/30/2019, 12:00:00 PM;1.22
7/1/2019, 12:00:00 PM;0;7/1/2019, 12:00:00 PM;22.44;7/1/2019, 12:00:00 PM;0;7/1/2019, 12:00:00 PM;1.52
7/2/2019, 12:00:00 PM;0;7/2/2019, 12:00:00 PM;22.8;7/2/2019, 12:00:00 PM;0;7/2/2019, 12:00:00 PM;1.16
7/3/2019, 12:00:00 PM;0;7/3/2019, 12:00:00 PM;21.949;7/3/2019, 12:00:00 PM;0;7/3/2019, 12:00:00 PM;1.52
7/4/2019, 12:00:00 PM;0;7/4/2019, 12:00:00 PM;22.511;7/4/2019, 12:00:00 PM;0;7/4/2019, 12:00:00 PM;1.25
7/5/2019, 12:00:00 PM;0;7/5/2019, 12:00:00 PM;22.04;7/5/2019, 12:00:00 PM;0;7/5/2019, 12:00:00 PM;1.92
7/6/2019, 12:00:00 PM;0;7/6/2019, 12:00:00 PM;21.9;7/6/2019, 12:00:00 PM;0;7/6/2019, 12:00:00 PM;2.06
7/7/2019, 12:00:00 PM;0;7/7/2019, 12:00:00 PM;22.78;7/7/2019, 12:00:00 PM;0;7/7/2019, 12:00:00 PM;1.18
7/8/2019, 12:00:00 PM;8.446;7/8/2019, 12:00:00 PM;13.96;7/8/2019, 12:00:00 PM;0;7/8/2019, 12:00:00 PM;0.102
7/9/2019, 12:00:00 PM;13.16;7/9/2019, 12:00:00 PM;9;7/9/2019, 12:00:00 PM;0;7/9/2019, 12:00:00 PM;1.78
7/10/2019, 12:00:00 PM;13;7/10/2019, 12:00:00 PM;7.72;7/10/2019, 12:00:00 PM;0;7/10/2019, 12:00:00 PM;1.22
7/11/2019, 12:00:00 PM;7.86;7/11/2019, 12:00:00 PM;14.38;7/11/2019, 12:00:00 PM;0;7/11/2019, 12:00:00 PM;1.7
7/12/2019, 12:00:00 PM;0;7/12/2019, 12:00:00 PM;22.22;7/12/2019, 12:00:00 PM;0;7/12/2019, 12:00:00 PM;1.74
7/13/2019, 12:00:00 PM;0;7/13/2019, 12:00:00 PM;21.98;7/13/2019, 12:00:00 PM;0;7/13/2019, 12:00:00 PM;1.98
7/14/2019, 12:00:00 PM;10.68;7/14/2019, 12:00:00 PM;18.42;7/14/2019, 12:00:00 PM;0;7/14/2019, 12:00:00 PM;0.8
7/15/2019, 12:00:00 PM;0;7/15/2019, 12:00:00 PM;22.1;7/15/2019, 12:00:00 PM;0;7/15/2019, 12:00:00 PM;1.86
7/16/2019, 12:00:00 PM;11.26;7/16/2019, 12:00:00 PM;12.8;7/16/2019, 12:00:00 PM;0;7/16/2019, 12:00:00 PM;1.86
7/17/2019, 12:00:00 PM;0;7/17/2019, 12:00:00 PM;21.82;7/17/2019, 12:00:00 PM;0;7/17/2019, 12:00:00 PM;0.16
7/18/2019, 12:00:00 PM;0;7/18/2019, 12:00:00 PM;22.46;7/18/2019, 12:00:00 PM;0;7/18/2019, 12:00:00 PM;1.5
7/19/2019, 12:00:00 PM;0;7/19/2019, 12:00:00 PM;21.96;7/19/2019, 12:00:00 PM;0;7/19/2019, 12:00:00 PM;2
7/20/2019, 12:00:00 PM;0;7/20/2019, 12:00:00 PM;22.28;7/20/2019, 12:00:00 PM;0;7/20/2019, 12:00:00 PM;1.68
7/21/2019, 12:00:00 PM;0;7/21/2019, 12:00:00 PM;23.28;7/21/2019, 12:00:00 PM;0;7/21/2019, 12:00:00 PM;0.7
7/22/2019, 12:00:00 PM;0;7/22/2019, 12:00:00 PM;22.34;7/22/2019, 12:00:00 PM;0;7/22/2019, 12:00:00 PM;1.62
7/23/2019, 12:00:00 PM;0;7/23/2019, 12:00:00 PM;22.98;7/23/2019, 12:00:00 PM;0;7/23/2019, 12:00:00 PM;0.98
7/24/2019, 12:00:00 PM;0;7/24/2019, 12:00:00 PM;23.14;7/24/2019, 12:00:00 PM;0;7/24/2019, 12:00:00 PM;0.84
7/25/2019, 12:00:00 PM;0;7/25/2019, 12:00:00 PM;22.14;7/25/2019, 12:00:00 PM;0;7/25/2019, 12:00:00 PM;1.82
7/26/2019, 12:00:00 PM;0;7/26/2019, 12:00:00 PM;22.84;7/26/2019, 12:00:00 PM;0;7/26/2019, 12:00:00 PM;1.12
7/27/2019, 12:00:00 PM;0;7/27/2019, 12:00:00 PM;23.14;7/27/2019, 12:00:00 PM;0;7/27/2019, 12:00:00 PM;0.84
7/28/2019, 12:00:00 PM;0;7/28/2019, 12:00:00 PM;23.12;7/28/2019, 12:00:00 PM;0;7/28/2019, 12:00:00 PM;0.86
7/29/2019, 12:00:00 PM;0;7/29/2019, 12:00:00 PM;22.86;7/29/2019, 12:00:00 PM;0;7/29/2019, 12:00:00 PM;1.1
7/30/2019, 12:00:00 PM;0;7/30/2019, 12:00:00 PM;21.12;7/30/2019, 12:00:00 PM;0;7/30/2019, 12:00:00 PM;0.86
7/31/2019, 12:00:00 PM;0;7/31/2019, 12:00:00 PM;22;7/31/2019, 12:00:00 PM;0;7/31/2019, 12:00:00 PM;0
